date,pm10,pm25,co,no2,so2,o3,aerosol_optical_depth,dust,uv_index,aqi,european_aqi,hour,day,month,weekday,aqi_change_rate,aqi_lag_1,aqi_lag_7,target_aqi,temperature,humidity,wind_speed,rain
2022-08-12,49.29166666666666,31.21666666666667,605.75,34.49166666666667,32.987500000000004,82.20833333333333,0.37,13.583333333333334,1.3375,138.375,88.66666666666667,0,12,8,4,-62.04166666666663,200.41666666666663,82.26315789473684,79.54166666666667,28.1,86,40.5,82.7
2022-08-13,48.94166666666667,32.1375,704.0,35.56666666666667,49.34583333333333,94.0,0.26,3.083333333333333,1.9541666666666664,99.75,66.125,0,13,8,5,-38.625,138.375,83.83333333333333,77.95833333333333,27.2,87,20.6,21.2
2022-08-14,39.90833333333333,24.97083333333333,475.9166666666667,20.325,27.83333333333333,99.5,0.3129166666666667,3.375,2.04375,105.08333333333331,66.20833333333333,0,14,8,6,5.333333333333314,99.75,147.25,79.54166666666667,27.5,84,25.9,43.0
2022-08-15,38.45,25.370833333333334,678.125,47.37916666666666,53.9125,58.875,0.3604166666666666,2.958333333333333,1.1354166666666667,79.54166666666667,61.04166666666666,0,15,8,0,-25.541666666666643,105.08333333333331,176.75,66.70833333333333,27.7,87,21.6,32.0
2022-08-16,43.645833333333336,28.066666666666663,644.25,39.54166666666666,38.458333333333336,70.70833333333333,0.4212499999999999,9.416666666666666,1.15625,77.95833333333333,58.708333333333336,0,16,8,1,-1.5833333333333428,79.54166666666667,152.5,73.45833333333333,27.6,87,14.1,11.1
2022-08-17,28.791666666666668,19.054166666666667,435.0416666666667,21.5125,18.7625,81.375,0.5470833333333334,2.625,1.2708333333333333,79.54166666666667,57.75,0,17,8,2,1.5833333333333428,77.95833333333333,157.66666666666666,71.70833333333333,27.9,88,27.1,19.1
2022-08-18,42.03333333333333,22.23333333333333,271.5,13.645833333333334,11.458333333333334,47.875,0.5316666666666666,19.541666666666668,0.8895833333333334,66.70833333333333,40.29166666666666,0,18,8,3,-12.833333333333343,79.54166666666667,200.41666666666663,74.16666666666667,27.8,87,35.6,9.6
2022-08-19,46.5125,22.1,234.125,12.4,11.1375,35.208333333333336,0.6404166666666666,28.58333333333333,0.5979166666666667,73.45833333333333,55.625,0,19,8,4,6.75,66.70833333333333,138.375,74.91666666666667,27.5,87,34.5,0.8
2022-08-20,49.39166666666667,22.729166666666668,275.9583333333333,13.166666666666666,13.683333333333332,44.125,0.6458333333333334,33.75,1.3708333333333331,71.70833333333333,54.16666666666666,0,20,8,5,-1.75,73.45833333333333,99.75,75.83333333333333,27.6,87,26.5,1.8
2022-08-21,53.56666666666666,24.104166666666668,314.0,14.854166666666666,16.220833333333335,48.54166666666666,0.6329166666666667,40.125,1.3895833333333334,74.16666666666667,60.25,0,21,8,6,2.458333333333343,71.70833333333333,105.08333333333331,76.66666666666667,27.7,87,28.6,2.4
2022-08-22,55.3375,24.116666666666664,307.125,13.975,14.3375,53.29166666666666,0.5558333333333333,46.66666666666666,1.9625,74.91666666666667,61.125,0,22,8,0,0.75,74.16666666666667,79.54166666666667,80.5,27.8,85,22.5,0.5
2022-08-23,52.99583333333334,23.854166666666668,358.0833333333333,16.650000000000002,16.541666666666668,47.66666666666666,0.6275000000000001,46.583333333333336,1.33125,75.83333333333333,61.875,0,23,8,1,0.9166666666666572,74.91666666666667,77.95833333333333,82.875,27.2,86,23.5,3.2
2022-08-24,56.2,25.383333333333336,296.0,15.275,12.8,42.91666666666666,0.7733333333333333,46.833333333333336,0.7395833333333334,76.66666666666667,61.54166666666666,0,24,8,2,0.8333333333333428,75.83333333333333,79.54166666666667,79.16666666666667,27.2,84,30.3,12.8
2022-08-25,58.25416666666666,26.9875,254.5,11.9875,11.029166666666669,51.16666666666666,0.725,38.91666666666666,1.4583333333333333,80.5,63.208333333333336,0,25,8,3,3.8333333333333286,76.66666666666667,66.70833333333333,72.29166666666667,28.0,81,31.3,0.0
2022-08-26,60.49583333333334,27.383333333333336,278.5833333333333,13.5875,13.225,54.333333333333336,0.7266666666666667,46.0,1.6166666666666665,82.875,63.875,0,26,8,4,2.375,80.5,73.45833333333333,68.0,27.4,81,24.5,0.1
2022-08-27,50.5,23.95,283.0416666666667,13.116666666666667,12.829166666666666,52.833333333333336,0.6520833333333333,34.083333333333336,1.6520833333333331,79.16666666666667,62.25,0,27,8,5,-3.7083333333333286,82.875,71.70833333333333,74.375,27.1,81,25.8,0.4
2022-08-28,41.18333333333333,20.541666666666668,251.75,10.945833333333333,10.629166666666666,56.375,0.4837499999999999,20.375,1.7791666666666668,72.29166666666667,52.458333333333336,0,28,8,6,-6.875,79.16666666666667,74.16666666666667,71.70833333333333,27.3,79,28.9,0.7
2022-08-29,43.75833333333333,21.97083333333333,308.9583333333333,14.6625,13.3125,54.5,0.4770833333333333,21.33333333333333,1.8145833333333332,68.0,41.958333333333336,0,29,8,0,-4.291666666666671,72.29166666666667,74.91666666666667,62.91666666666666,27.3,79,22.0,0.1
2022-08-30,47.275,23.479166666666668,391.5,19.3375,17.533333333333335,54.91666666666666,0.5508333333333334,27.666666666666668,1.7125,74.375,53.875,0,30,8,1,6.375,68.0,75.83333333333333,61.708333333333336,27.4,82,19.9,0.0
2022-08-31,40.59583333333333,20.55,359.2916666666667,16.979166666666668,16.670833333333334,58.625,0.5079166666666667,23.5,1.8958333333333333,71.70833333333333,49.54166666666666,0,31,8,2,-2.6666666666666714,74.375,76.66666666666667,63.375,27.3,85,18.8,0.0
2022-09-01,30.870833333333334,16.2375,290.625,13.029166666666669,12.679166666666667,52.41666666666666,0.3983333333333334,12.375,1.98125,62.91666666666666,36.66666666666666,0,1,9,3,-8.791666666666671,71.70833333333333,80.5,74.83333333333333,27.6,84,26.4,0.5
2022-09-02,37.5875,19.216666666666665,362.25,16.349999999999998,16.329166666666666,60.375,0.3691666666666666,18.83333333333333,1.9375,61.708333333333336,38.708333333333336,0,2,9,4,-1.2083333333333215,62.91666666666666,82.875,80.04166666666667,27.7,83,19.7,0.2
2022-09-03,35.12916666666667,19.079166666666666,298.2083333333333,11.720833333333331,12.35,51.875,0.3383333333333334,14.041666666666666,1.9854166666666664,63.375,36.875,0,3,9,5,1.6666666666666643,61.708333333333336,79.16666666666667,71.95833333333333,27.7,82,27.2,0.5
2022-09-04,51.92916666666667,28.59583333333333,274.0416666666667,10.020833333333334,9.9375,49.91666666666666,0.38375,17.083333333333332,1.9166666666666667,74.83333333333333,50.66666666666666,0,4,9,6,11.458333333333329,63.375,72.29166666666667,74.33333333333333,27.6,80,38.2,0.2
2022-09-05,41.65833333333333,21.433333333333334,258.2916666666667,10.8875,11.354166666666666,56.04166666666666,0.4220833333333333,15.333333333333334,1.7833333333333334,80.04166666666667,56.91666666666666,0,5,9,0,5.208333333333343,74.83333333333333,68.0,109.04166666666669,27.6,78,32.7,0.5
2022-09-06,44.05,23.641666666666666,354.7083333333333,16.416666666666668,17.4875,64.20833333333333,0.4891666666666667,14.875,1.7,71.95833333333333,50.0,0,6,9,1,-8.083333333333343,80.04166666666667,74.375,141.33333333333334,27.4,79,20.2,0.0
2022-09-07,43.0875,23.83333333333333,480.625,23.60833333333333,23.379166666666663,61.208333333333336,0.6095833333333334,15.833333333333334,1.6708333333333334,74.33333333333333,55.25,0,7,9,2,2.375,71.95833333333333,71.70833333333333,192.91666666666663,27.0,85,22.5,0.0
2022-09-08,60.65416666666667,36.36666666666667,766.875,34.729166666666664,33.11666666666667,94.79166666666669,0.4154166666666667,15.916666666666666,2.154166666666667,109.04166666666669,64.16666666666667,0,8,9,3,34.70833333333336,74.33333333333333,62.91666666666666,174.625,27.7,84,21.5,0.0
2022-09-09,83.34166666666667,52.87916666666666,798.375,31.3,29.929166666666664,122.16666666666669,0.5425000000000001,14.125,1.9125,141.33333333333334,76.75,0,9,9,4,32.29166666666666,109.04166666666669,61.708333333333336,162.83333333333334,29.7,77,22.8,0.0
2022-09-10,126.83333333333331,84.8625,1069.4583333333333,38.97916666666666,36.55416666666667,165.29166666666666,0.6995833333333333,9.791666666666666,1.65,192.91666666666663,94.29166666666669,0,10,9,5,51.583333333333286,141.33333333333334,63.375,167.125,30.9,72,19.7,0.0
2022-09-11,64.47500000000001,41.458333333333336,754.0,28.204166666666666,30.820833333333336,114.0,0.6358333333333334,8.375,1.6416666666666666,174.625,97.83333333333331,0,11,9,6,-18.29166666666663,192.91666666666663,74.83333333333333,98.70833333333331,29.6,78,23.5,0.0
2022-09-12,98.1,64.35833333333333,973.875,38.19166666666667,36.93333333333333,143.625,1.105,11.458333333333334,1.1666666666666667,162.83333333333334,81.5,0,12,9,0,-11.791666666666657,174.625,80.04166666666667,70.29166666666667,29.0,83,17.4,0.1
2022-09-13,69.3625,43.875,893.25,40.4875,38.25416666666667,101.125,1.1166666666666667,13.083333333333334,1.20625,167.125,89.29166666666667,0,13,9,1,4.291666666666657,162.83333333333334,71.95833333333333,72.125,29.9,78,20.7,0.0
2022-09-14,41.07083333333333,23.616666666666664,527.9583333333334,23.03333333333333,22.22083333333333,59.333333333333336,0.77375,13.375,1.6020833333333335,98.70833333333331,66.875,0,14,9,2,-68.41666666666669,167.125,74.33333333333333,79.70833333333333,29.9,77,28.8,0.0
2022-09-15,36.30833333333333,19.683333333333334,293.3333333333333,11.508333333333333,11.75,57.79166666666666,0.56375,11.958333333333334,1.81875,70.29166666666667,46.54166666666666,0,15,9,3,-28.416666666666643,98.70833333333331,109.04166666666669,87.54166666666667,28.6,82,31.2,0.0
2022-09-16,47.07083333333333,24.53333333333333,240.91666666666663,8.883333333333333,8.6,65.45833333333333,0.4408333333333333,17.083333333333332,1.81875,72.125,49.583333333333336,0,16,9,4,1.8333333333333286,70.29166666666667,141.33333333333334,83.79166666666667,28.3,78,33.3,0.3
2022-09-17,57.275,28.0125,269.4166666666667,11.895833333333334,10.658333333333331,69.16666666666667,0.5441666666666667,26.75,1.6854166666666666,79.70833333333333,60.66666666666666,0,17,9,5,7.583333333333329,72.125,192.91666666666663,71.625,28.2,76,26.1,0.3
2022-09-18,60.958333333333336,29.791666666666668,346.7916666666667,17.054166666666667,15.0125,66.58333333333333,0.545,34.875,1.63125,87.54166666666667,64.58333333333333,0,18,9,6,7.833333333333343,79.70833333333333,174.625,63.25,27.9,79,22.4,0.0
2022-09-19,52.17916666666667,25.425,352.0,16.520833333333332,14.595833333333331,64.5,0.35,32.625,1.9354166666666668,83.79166666666667,62.583333333333336,0,19,9,0,-3.75,87.54166666666667,162.83333333333334,62.0,27.5,79,23.0,0.0
2022-09-20,39.475,19.241666666666667,252.5,11.358333333333334,10.020833333333334,63.66666666666666,0.3062499999999999,22.95833333333333,1.975,71.625,51.333333333333336,0,20,9,1,-12.166666666666671,83.79166666666667,167.125,61.75,27.8,73,24.2,0.0
2022-09-21,37.1875,17.754166666666666,242.625,11.4375,9.495833333333334,63.125,0.30875,21.666666666666668,1.8,63.25,37.625,0,21,9,2,-8.375,71.625,98.70833333333331,63.91666666666666,28.1,72,25.0,0.0
2022-09-22,36.208333333333336,17.591666666666665,236.29166666666663,10.8375,9.283333333333331,61.458333333333336,0.3558333333333334,19.70833333333333,1.8,62.0,36.875,0,22,9,3,-1.25,63.25,70.29166666666667,68.45833333333333,28.1,73,28.0,0.0
2022-09-23,37.24166666666667,17.666666666666668,199.125,8.275,7.658333333333334,63.0,0.4033333333333333,19.625,1.64375,61.75,36.16666666666666,0,23,9,4,-0.25,62.0,72.125,73.04166666666667,27.9,74,32.7,0.0
2022-09-24,38.8625,19.97083333333333,214.16666666666663,9.25,8.245833333333334,64.91666666666667,0.38375,13.208333333333334,1.50625,63.91666666666666,38.16666666666666,0,24,9,5,2.166666666666657,61.75,79.70833333333333,70.58333333333333,28.1,73,33.9,0.3
2022-09-25,41.98333333333333,21.933333333333334,242.625,11.5875,10.15,63.91666666666666,0.4291666666666666,10.833333333333334,1.5145833333333334,68.45833333333333,42.875,0,25,9,6,4.541666666666671,63.91666666666666,87.54166666666667,62.208333333333336,28.0,76,28.1,0.4
2022-09-26,42.16666666666666,22.620833333333334,324.8333333333333,15.5875,14.5625,63.66666666666666,0.4158333333333333,11.333333333333334,1.6041666666666667,73.04166666666667,51.41666666666666,0,26,9,0,4.583333333333343,68.45833333333333,83.79166666666667,59.333333333333336,27.4,79,20.8,1.0
2022-09-27,37.97916666666666,19.9625,349.25,16.770833333333332,15.395833333333334,62.083333333333336,0.38125,16.708333333333332,1.68125,70.58333333333333,47.958333333333336,0,27,9,1,-2.458333333333343,73.04166666666667,71.625,56.958333333333336,27.4,78,20.8,0.1
2022-09-28,31.9125,16.295833333333334,278.875,13.620833333333335,11.883333333333333,61.75,0.24625,14.791666666666666,1.8833333333333333,62.208333333333336,36.708333333333336,0,28,9,2,-8.374999999999993,70.58333333333333,63.25,54.54166666666666,27.6,73,25.4,0.0
2022-09-29,30.4625,15.895833333333334,245.54166666666663,11.1,10.729166666666666,67.45833333333333,0.2245833333333333,12.291666666666666,1.8604166666666664,59.333333333333336,34.625,0,29,9,3,-2.875,62.208333333333336,62.0,50.625,27.6,72,25.3,0.0
2022-09-30,26.6,15.025,290.5416666666667,13.358333333333334,13.758333333333333,68.125,0.13125,5.416666666666667,1.9708333333333328,56.958333333333336,33.25,0,30,9,4,-2.375,59.333333333333336,61.75,52.41666666666666,27.3,75,24.2,0.0
2022-10-01,22.375,12.791666666666666,219.125,9.729166666666666,10.904166666666669,56.875,0.14625,3.125,1.95,54.54166666666666,29.45833333333333,0,1,10,5,-2.4166666666666785,56.958333333333336,63.91666666666666,54.0,27.7,73,29.3,0.0
2022-10-02,21.945833333333336,12.504166666666668,240.95833333333331,12.083333333333334,12.15,53.66666666666666,0.1958333333333333,2.583333333333333,1.6666666666666667,50.625,26.916666666666668,0,2,10,6,-3.916666666666657,54.54166666666666,68.45833333333333,56.04166666666666,28.1,72,24.6,0.1
2022-10-03,27.2375,13.870833333333332,263.5,13.991666666666667,12.125,60.333333333333336,0.2254166666666666,12.791666666666666,1.5333333333333334,52.41666666666666,30.08333333333333,0,3,10,0,1.7916666666666572,50.625,73.04166666666667,62.958333333333336,27.7,73,21.1,0.3
2022-10-04,28.71666666666667,14.025,256.2083333333333,12.675,11.225,59.958333333333336,0.2683333333333333,16.666666666666668,1.6645833333333335,54.0,31.041666666666668,0,4,10,1,1.5833333333333428,52.41666666666666,70.58333333333333,93.41666666666669,27.8,76,21.6,0.0
2022-10-05,37.0375,16.270833333333332,292.125,13.408333333333331,12.279166666666669,61.208333333333336,0.2683333333333333,29.08333333333333,1.775,56.04166666666666,33.791666666666664,0,5,10,2,2.041666666666657,54.0,62.208333333333336,138.83333333333334,27.6,80,22.6,0.0
2022-10-06,45.52916666666667,20.041666666666668,360.4166666666667,16.695833333333333,15.679166666666667,67.125,0.19125,37.958333333333336,1.8541666666666667,62.958333333333336,46.125,0,6,10,3,6.9166666666666785,56.04166666666666,59.333333333333336,189.45833333333331,27.6,79,21.5,0.0
2022-10-07,66.17916666666666,37.3,617.7083333333334,27.2375,28.425,97.75,0.3045833333333334,30.83333333333333,1.6625,93.41666666666669,61.25,0,7,10,4,30.45833333333335,62.958333333333336,56.958333333333336,183.95833333333331,28.1,75,29.0,0.0
2022-10-08,75.21249999999999,49.020833333333336,543.2083333333334,25.829166666666666,26.4125,130.41666666666666,0.3879166666666667,14.291666666666666,1.3145833333333334,138.83333333333334,76.54166666666667,0,8,10,5,45.41666666666666,93.41666666666669,54.54166666666666,157.25,30.9,49,22.9,0.0
2022-10-09,135.09166666666667,90.69166666666666,907.5833333333334,30.254166666666663,35.795833333333334,205.25,0.4191666666666667,14.958333333333334,1.4291666666666665,189.45833333333331,95.375,0,9,10,6,50.62499999999997,138.83333333333334,50.625,141.625,29.4,56,25.2,0.0
2022-10-10,96.42916666666667,59.0125,1030.9166666666667,44.44583333333333,45.3,125.45833333333331,0.3233333333333333,29.83333333333333,1.575,183.95833333333331,105.45833333333331,0,10,10,0,-5.5,189.45833333333331,52.41666666666666,94.58333333333331,29.1,65,19.7,0.0
2022-10-11,82.59583333333333,49.083333333333336,1067.5416666666667,49.19166666666666,51.145833333333336,107.04166666666669,0.2041666666666667,31.416666666666668,1.6625,157.25,82.58333333333333,0,11,10,1,-26.708333333333314,183.95833333333331,54.0,94.16666666666669,27.5,67,17.1,0.0
2022-10-12,60.7125,36.57083333333333,895.0833333333334,40.28333333333333,38.1125,102.29166666666669,0.1620833333333333,17.958333333333332,1.5958333333333332,141.625,77.25,0,12,10,2,-15.625,157.25,56.04166666666666,118.0,26.2,80,17.3,0.0
2022-10-13,41.85416666666666,24.229166666666668,674.9166666666666,32.43333333333333,27.941666666666663,85.58333333333333,0.175,14.458333333333334,1.6270833333333332,94.58333333333331,64.20833333333333,0,13,10,3,-47.041666666666686,141.625,62.958333333333336,144.79166666666666,26.1,80,17.9,0.0
2022-10-14,50.94166666666666,30.83333333333333,760.8333333333334,37.25416666666667,36.25,91.04166666666669,0.155,13.958333333333334,1.6208333333333331,94.16666666666669,63.16666666666666,0,14,10,4,-0.41666666666662877,94.58333333333331,93.41666666666669,157.41666666666666,26.8,71,18.4,0.0
2022-10-15,54.71666666666667,34.05416666666667,767.5416666666666,36.53333333333333,36.43333333333333,106.33333333333331,0.1845833333333333,12.166666666666666,1.55625,118.0,68.66666666666667,0,15,10,5,23.833333333333314,94.16666666666669,138.83333333333334,106.5,27.0,77,20.9,0.0
2022-10-16,76.37083333333334,49.00833333333333,893.0416666666666,37.29583333333333,37.13333333333333,136.75,0.2291666666666666,13.958333333333334,1.55625,144.79166666666666,75.29166666666667,0,16,10,6,26.791666666666657,118.0,189.45833333333331,74.875,27.9,67,19.9,0.0
2022-10-17,69.47916666666667,44.60416666666666,761.3333333333334,35.55833333333333,33.21666666666667,120.33333333333331,0.2133333333333333,13.75,1.4770833333333335,157.41666666666666,81.125,0,17,10,0,12.625,144.79166666666666,183.95833333333331,73.95833333333333,27.9,58,22.0,0.0
2022-10-18,45.88333333333333,25.54583333333333,556.0833333333334,26.97083333333333,26.075,84.0,0.2058333333333333,18.291666666666668,1.5541666666666665,106.5,70.04166666666667,0,18,10,1,-50.91666666666666,157.41666666666666,157.25,123.04166666666669,27.2,79,20.8,0.0
2022-10-19,42.7875,22.004166666666663,434.625,22.933333333333334,20.229166666666668,82.45833333333333,0.2545833333333333,21.0,1.43125,74.875,55.125,0,19,10,2,-31.625,106.5,141.625,170.33333333333334,26.6,83,17.8,0.0
2022-10-20,40.10416666666666,19.883333333333333,393.3333333333333,19.6625,18.5625,92.33333333333331,0.2883333333333333,18.45833333333333,1.3875,73.95833333333333,48.75,0,20,10,3,-0.9166666666666714,74.875,94.58333333333331,202.54166666666663,26.5,83,18.1,0.0
2022-10-21,111.64166666666668,71.88333333333334,854.7083333333334,35.12916666666667,44.675,134.58333333333334,0.39125,18.916666666666668,1.34375,123.04166666666669,67.29166666666667,0,21,10,4,49.08333333333336,73.95833333333333,94.16666666666669,153.29166666666666,27.1,73,17.6,0.0
2022-10-22,121.5125,80.125,837.5833333333334,36.18333333333333,32.8875,126.54166666666669,0.5183333333333333,20.08333333333333,1.1895833333333334,170.33333333333334,104.66666666666669,0,22,10,5,47.29166666666666,123.04166666666669,118.0,72.45833333333333,28.8,45,24.7,0.0
2022-10-23,157.08333333333334,106.10833333333332,1616.6666666666667,70.90833333333333,57.09166666666667,173.54166666666666,0.39625,14.375,1.2375,202.54166666666663,116.16666666666669,0,23,10,6,32.208333333333286,170.33333333333334,144.79166666666666,81.20833333333333,27.9,53,19.6,0.0
2022-10-24,45.875,27.445833333333336,540.0,23.9,23.495833333333334,97.33333333333331,0.2791666666666667,6.541666666666667,1.3166666666666669,153.29166666666666,99.0,0,24,10,0,-49.24999999999997,202.54166666666663,157.41666666666666,86.125,27.5,71,21.8,0.0
2022-10-25,43.958333333333336,22.866666666666664,294.5,12.679166666666667,10.845833333333331,98.5,0.295,11.541666666666666,1.2875,72.45833333333333,51.958333333333336,0,25,10,1,-80.83333333333333,153.29166666666666,106.5,88.75,27.6,77,31.4,0.0
2022-10-26,53.11666666666667,28.729166666666668,395.6666666666667,18.2125,15.704166666666666,100.29166666666669,0.3795833333333333,14.958333333333334,1.2770833333333331,81.20833333333333,60.29166666666666,0,26,10,2,8.75,72.45833333333333,74.875,94.95833333333331,27.8,82,21.4,0.0
2022-10-27,52.57083333333333,28.5625,472.4583333333333,23.34166666666667,20.641666666666666,92.375,0.4204166666666666,19.20833333333333,1.1916666666666669,86.125,63.25,0,27,10,3,4.916666666666671,81.20833333333333,73.95833333333333,95.45833333333331,26.4,85,18.6,0.0
2022-10-28,55.6125,30.64583333333333,523.7083333333334,26.995833333333334,23.75,84.08333333333333,0.4045833333333333,21.33333333333333,1.0104166666666667,88.75,64.20833333333333,0,28,10,4,2.625,86.125,123.04166666666669,93.625,26.1,80,15.1,0.0
2022-10-29,56.4,32.766666666666666,772.0416666666666,38.833333333333336,31.05,83.58333333333333,0.2795833333333333,18.25,1.30625,94.95833333333331,65.79166666666667,0,29,10,5,6.208333333333314,88.75,170.33333333333334,77.16666666666667,26.8,70,16.2,0.0
2022-10-30,58.30833333333334,33.2125,814.5,42.016666666666666,31.33333333333333,80.95833333333333,0.24875,24.58333333333333,1.3541666666666667,95.45833333333331,66.0,0,30,10,6,0.5,94.95833333333331,202.54166666666663,83.45833333333333,27.2,69,17.9,0.0
2022-10-31,52.92916666666667,27.504166666666663,593.0,30.275,22.925,71.58333333333333,0.2745833333333333,29.83333333333333,1.30625,93.625,66.0,0,31,10,0,-1.8333333333333144,95.45833333333331,153.29166666666666,89.58333333333333,26.7,80,20.7,0.0
2022-11-01,45.2125,23.5125,386.6666666666667,18.616666666666667,13.720833333333331,86.625,0.3220833333333333,19.25,1.1770833333333333,77.16666666666667,58.125,0,1,11,1,-16.45833333333333,93.625,72.45833333333333,83.79166666666667,26.8,85,20.3,0.0
2022-11-02,48.2625,28.10833333333333,496.625,22.9625,18.47083333333333,97.58333333333331,0.2854166666666667,10.958333333333334,1.2479166666666666,83.45833333333333,60.54166666666666,0,2,11,2,6.291666666666657,77.16666666666667,81.20833333333333,90.79166666666669,26.6,85,18.7,0.0
2022-11-03,47.39166666666667,29.1375,573.1666666666666,27.116666666666664,20.954166666666666,96.54166666666669,0.2125,7.0,1.3041666666666667,89.58333333333333,63.54166666666666,0,3,11,3,6.125,83.45833333333333,86.125,106.375,26.6,83,21.4,0.0
2022-11-04,42.67916666666667,26.03333333333333,559.1666666666666,27.229166666666668,21.65416666666667,88.70833333333333,0.1591666666666666,6.75,1.3958333333333333,83.79166666666667,62.54166666666666,0,4,11,4,-5.791666666666657,89.58333333333333,88.75,106.125,26.8,78,22.7,0.0
2022-11-05,56.27916666666667,35.020833333333336,576.7083333333334,27.166666666666668,22.183333333333334,101.04166666666669,0.1783333333333333,6.0,1.3770833333333334,90.79166666666669,64.625,0,5,11,5,7.000000000000014,83.79166666666667,94.95833333333331,111.70833333333331,27.6,67,21.3,0.0
2022-11-06,61.708333333333336,39.454166666666666,528.625,26.52083333333333,21.058333333333334,96.625,0.2533333333333333,4.5,1.2541666666666669,106.375,70.33333333333333,0,6,11,6,15.583333333333314,90.79166666666669,95.45833333333331,160.75,26.5,76,21.4,0.0
2022-11-07,54.0625,33.458333333333336,532.5,26.241666666666664,23.25,96.0,0.4370833333333333,6.125,0.8937499999999999,106.125,70.25,0,7,11,0,-0.25,106.375,93.625,127.16666666666669,25.4,79,21.0,0.7
2022-11-08,90.39583333333331,57.24583333333334,630.7916666666666,22.183333333333334,32.15833333333333,117.33333333333331,0.6508333333333333,20.58333333333333,0.9479166666666666,111.70833333333331,71.41666666666667,0,8,11,1,5.583333333333314,106.125,77.16666666666667,141.16666666666666,24.8,74,15.1,0.0
2022-11-09,96.56666666666666,61.25,815.7083333333334,28.175,41.22916666666666,126.625,0.55875,18.25,1.0333333333333334,160.75,92.625,0,9,11,2,49.041666666666686,111.70833333333331,83.45833333333333,174.54166666666666,25.3,70,17.9,0.0
2022-11-10,65.53333333333333,38.77916666666667,816.8333333333334,36.50416666666667,43.0375,97.66666666666669,0.3504166666666666,20.166666666666668,1.13125,127.16666666666669,76.70833333333333,0,10,11,3,-33.583333333333314,160.75,89.58333333333333,124.0,25.4,77,18.4,0.0
2022-11-11,126.28333333333336,83.5125,1351.4166666666667,64.92916666666666,62.0875,85.91666666666667,0.5808333333333333,17.333333333333332,0.94375,141.16666666666666,85.16666666666667,0,11,11,4,13.999999999999972,127.16666666666669,83.79166666666667,77.375,26.2,65,19.8,0.0
2022-11-12,120.85,78.39166666666667,1431.6666666666667,68.8625,53.67083333333333,90.04166666666667,0.4641666666666666,18.33333333333333,0.98125,174.54166666666666,115.75,0,12,11,5,33.375,141.16666666666666,90.79166666666669,113.91666666666669,25.5,71,19.8,0.0
2022-11-13,53.97083333333333,29.666666666666668,494.4583333333333,23.09583333333333,22.641666666666666,79.08333333333333,0.26625,20.08333333333333,1.0791666666666666,124.0,78.54166666666667,0,13,11,6,-50.54166666666666,174.54166666666666,106.375,153.83333333333334,24.8,87,16.3,0.0
2022-11-14,50.71666666666667,24.166666666666668,376.2916666666667,15.958333333333334,17.791666666666668,85.33333333333333,0.2908333333333333,29.70833333333333,1.0833333333333333,77.375,56.958333333333336,0,14,11,0,-46.625,124.0,106.125,162.95833333333334,26.8,78,19.0,0.0
2022-11-15,100.55,61.72083333333333,534.375,18.995833333333334,35.95,95.54166666666669,0.5875,33.083333333333336,0.9729166666666668,113.91666666666669,73.0,0,15,11,1,36.541666666666686,77.375,111.70833333333331,144.625,25.8,58,23.5,0.0
2022-11-16,100.32083333333333,64.52083333333333,693.75,26.9625,42.17083333333333,116.29166666666669,0.5570833333333333,22.166666666666668,0.9416666666666668,153.83333333333334,90.33333333333331,0,16,11,2,39.91666666666666,113.91666666666669,160.75,93.5,24.8,55,15.5,0.0
2022-11-17,101.79166666666669,63.48333333333333,918.6666666666666,32.266666666666666,44.24166666666667,128.79166666666666,0.4229166666666666,20.70833333333333,0.9916666666666668,162.95833333333334,94.125,0,17,11,3,9.125,153.83333333333334,127.16666666666669,92.25,25.1,74,20.3,0.0
2022-11-18,73.53333333333333,42.35416666666666,716.8333333333334,28.65416666666667,33.791666666666664,100.29166666666669,0.2604166666666667,22.25,1.01875,144.625,83.5,0,18,11,4,-18.333333333333343,162.95833333333334,141.16666666666666,151.04166666666666,25.0,82,18.0,0.0
2022-11-19,49.1125,25.09166666666667,443.9583333333333,22.90833333333333,17.791666666666668,84.5,0.3145833333333333,23.83333333333333,1.0270833333333331,93.5,65.79166666666667,0,19,11,5,-51.125,144.625,174.54166666666666,162.83333333333334,26.0,77,19.7,0.0
2022-11-20,77.19583333333334,48.075,655.25,31.83333333333333,30.991666666666664,90.08333333333331,0.5075,19.75,0.9020833333333332,92.25,64.875,0,20,11,6,-1.25,93.5,124.0,156.0,25.4,73,18.5,0.0
2022-11-21,103.35833333333332,67.57083333333334,789.6666666666666,34.925,38.71666666666667,110.33333333333331,0.5958333333333333,17.875,0.8729166666666667,151.04166666666666,89.04166666666667,0,21,11,0,58.79166666666666,92.25,77.375,159.16666666666666,25.8,56,21.0,0.0
2022-11-22,105.25416666666666,67.74583333333334,1076.375,53.63333333333333,57.26666666666667,100.875,0.4666666666666667,15.708333333333334,1.00625,162.83333333333334,95.25,0,22,11,1,11.791666666666686,151.04166666666666,113.91666666666669,124.125,25.2,74,17.7,0.0
2022-11-23,102.99166666666667,68.64583333333333,869.4583333333334,37.954166666666666,50.25833333333333,108.45833333333331,0.3983333333333334,13.125,0.9979166666666668,156.0,93.58333333333331,0,23,11,2,-6.833333333333343,162.83333333333334,153.83333333333334,127.79166666666669,24.3,54,18.4,0.0
2022-11-24,90.72916666666669,60.25416666666666,980.125,46.80833333333334,50.84583333333333,107.20833333333331,0.2570833333333333,7.458333333333333,1.0083333333333333,159.16666666666666,95.79166666666669,0,24,11,3,3.166666666666657,156.0,162.95833333333334,135.375,23.6,72,18.7,0.0
2022-11-25,61.93333333333334,33.88333333333333,809.2916666666666,39.69583333333333,35.0875,98.58333333333331,0.1729166666666667,24.916666666666668,1.09375,124.125,74.70833333333333,0,25,11,4,-35.04166666666666,159.16666666666666,144.625,141.5,23.3,74,14.6,0.0
2022-11-26,85.77083333333333,56.63333333333333,1106.375,60.35833333333333,50.270833333333336,87.5,0.2270833333333333,10.25,1.0916666666666666,127.79166666666669,76.70833333333333,0,26,11,5,3.6666666666666856,124.125,93.5,152.79166666666666,23.7,60,17.2,0.0
2022-11-27,59.59166666666667,37.96666666666667,877.1666666666666,44.02916666666667,41.5375,101.16666666666669,0.1979166666666666,8.083333333333334,1.0708333333333333,135.375,77.16666666666667,0,27,11,6,7.583333333333314,127.79166666666669,92.25,153.125,23.4,80,12.1,0.0
2022-11-28,98.925,67.675,1221.4583333333333,72.69583333333334,52.80833333333334,56.708333333333336,0.31375,5.041666666666667,1.0333333333333334,141.5,84.04166666666667,0,28,11,0,6.125,135.375,151.04166666666666,157.125,23.7,65,15.3,0.0
2022-11-29,84.32916666666667,57.80416666666667,728.3333333333334,41.36666666666667,32.84166666666667,77.29166666666667,0.27125,5.208333333333333,1.0541666666666667,152.79166666666666,88.70833333333333,0,29,11,1,11.291666666666657,141.5,162.83333333333334,159.875,23.9,47,15.3,0.0
2022-11-30,97.55833333333334,66.86666666666666,723.8333333333334,40.141666666666666,35.045833333333334,90.66666666666669,0.3058333333333333,6.75,1.04375,153.125,89.20833333333333,0,30,11,2,0.3333333333333428,152.79166666666666,156.0,112.08333333333331,23.7,36,17.5,0.0
2022-12-01,105.71666666666664,72.13333333333334,788.2916666666666,41.23333333333333,40.91666666666666,93.625,0.3541666666666667,7.875,0.9833333333333334,157.125,95.125,0,1,12,3,4.0,153.125,159.16666666666666,155.83333333333334,22.8,39,20.5,0.0
2022-12-02,88.50416666666666,58.20416666666667,1009.5,53.9125,46.55833333333334,69.5,0.2729166666666666,6.375,1.0270833333333331,159.875,99.45833333333331,0,2,12,4,2.75,157.125,124.125,165.20833333333334,22.2,62,17.2,0.0
2022-12-03,75.09583333333333,46.40416666666667,741.0833333333334,46.333333333333336,46.32916666666667,67.20833333333333,0.2845833333333333,17.166666666666668,0.9875,112.08333333333331,72.33333333333333,0,3,12,5,-47.791666666666686,159.875,127.79166666666669,169.0,23.1,71,15.5,0.0
2022-12-04,127.48333333333332,86.58749999999999,774.5833333333334,36.65833333333333,43.16666666666666,90.33333333333331,0.5466666666666666,10.5,0.8291666666666666,155.83333333333334,95.875,0,4,12,6,43.75000000000003,112.08333333333331,135.375,169.83333333333334,22.7,50,21.9,0.0
2022-12-05,125.79166666666669,82.28750000000001,1061.375,53.72083333333333,64.32083333333334,83.29166666666667,0.4291666666666667,18.08333333333333,0.9541666666666666,165.20833333333334,107.625,0,5,12,0,9.375,155.83333333333334,141.5,167.04166666666666,22.3,56,17.1,0.0
2022-12-06,150.17083333333332,101.125,1321.4583333333333,56.67083333333333,68.03333333333333,102.79166666666669,0.4483333333333333,14.208333333333334,0.8854166666666666,169.0,113.25,0,6,12,1,3.791666666666657,165.20833333333334,152.79166666666666,129.41666666666666,22.3,57,18.3,0.0
2022-12-07,129.02083333333334,87.85000000000001,1306.5833333333333,59.325,57.395833333333336,94.25,0.405,9.0,0.88125,169.83333333333334,114.41666666666669,0,7,12,2,0.8333333333333428,169.0,153.125,148.41666666666666,22.2,52,15.3,0.0
2022-12-08,102.72916666666669,66.32916666666667,1403.8333333333333,69.95416666666667,52.00833333333333,71.5,0.2225,15.875,0.9666666666666668,167.04166666666666,110.25,0,8,12,3,-2.7916666666666856,169.83333333333334,157.125,155.95833333333334,22.1,70,17.2,0.0
2022-12-09,74.51666666666667,45.41666666666666,1021.75,49.30833333333334,44.40833333333333,88.08333333333333,0.2075,18.75,0.9354166666666668,129.41666666666666,77.66666666666667,0,9,12,4,-37.625,167.04166666666666,159.875,145.45833333333334,22.2,86,15.9,0.0
2022-12-10,106.55,71.40833333333333,868.8333333333334,43.5875,42.16666666666666,75.45833333333333,0.4033333333333333,11.25,0.8583333333333334,148.41666666666666,87.29166666666667,0,10,12,5,19.0,129.41666666666666,112.08333333333331,144.875,23.1,57,16.8,0.0
2022-12-11,91.44166666666666,60.52916666666667,578.4166666666666,17.370833333333334,30.941666666666663,111.5,0.4329166666666666,13.75,0.8666666666666667,155.95833333333334,93.5,0,11,12,6,7.541666666666686,148.41666666666666,155.83333333333334,46.458333333333336,23.6,43,26.6,0.0
2022-12-12,85.375,54.6375,765.9166666666666,34.94166666666667,30.666666666666668,95.75,0.40625,19.375,0.8541666666666666,145.45833333333334,83.45833333333333,0,12,12,0,-10.5,155.95833333333334,165.20833333333334,15.5,23.1,42,23.7,0.0
2022-12-13,54.145833333333336,35.583333333333336,537.2916666666666,23.479166666666668,20.604166666666668,67.5,0.2175,8.541666666666666,1.6020833333333335,144.875,83.375,0,13,12,1,-0.5833333333333428,145.45833333333334,169.0,71.625,22.7,42,28.6,0.0
2022-12-14,0.9208333333333334,0.65,59.91666666666666,0.0,0.5291666666666667,30.375,0.0370833333333333,0.0,2.2583333333333333,46.458333333333336,31.33333333333333,0,14,12,2,-98.41666666666666,144.875,169.83333333333334,139.20833333333334,23.1,34,27.5,0.0
2022-12-15,1.1666666666666667,0.8125,62.91666666666666,0.0,0.2291666666666666,34.0,0.03875,0.0,2.25,15.5,13.708333333333334,0,15,12,3,-30.958333333333336,46.458333333333336,167.04166666666666,154.75,21.1,49,17.0,0.0
2022-12-16,71.24166666666666,47.65833333333333,969.4583333333334,47.12916666666666,41.708333333333336,79.08333333333333,0.11625,4.5,1.425,71.625,48.333333333333336,0,16,12,4,56.125,15.5,129.41666666666666,159.41666666666666,20.6,69,13.1,0.0
2022-12-17,79.60000000000001,52.82083333333333,1176.375,60.65416666666667,58.85,67.125,0.1154166666666666,8.375,1.0729166666666667,139.20833333333334,81.04166666666667,0,17,12,5,67.58333333333334,71.625,148.41666666666666,151.16666666666666,20.6,74,14.4,0.0
2022-12-18,113.27083333333331,77.22083333333333,1500.5,78.07916666666667,70.04166666666667,66.66666666666667,0.18125,8.041666666666666,1.0208333333333333,154.75,92.33333333333331,0,18,12,6,15.541666666666657,139.20833333333334,155.95833333333334,135.95833333333334,21.3,59,13.9,0.0
2022-12-19,108.06666666666666,71.14166666666667,1267.3333333333333,71.62916666666666,69.96666666666667,67.83333333333333,0.1891666666666666,15.5,0.9979166666666668,159.41666666666666,98.70833333333331,0,19,12,0,4.666666666666657,154.75,145.45833333333334,124.45833333333331,20.9,57,13.0,0.0
2022-12-20,75.21249999999999,47.22916666666666,1149.5833333333333,57.93333333333334,52.23333333333333,68.70833333333333,0.1925,18.75,0.9791666666666666,151.16666666666666,90.41666666666669,0,20,12,1,-8.25,159.41666666666666,144.875,138.45833333333334,21.2,47,18.4,0.0
2022-12-21,84.46249999999999,53.93333333333334,754.125,47.2125,40.50833333333333,64.20833333333333,0.3204166666666666,21.0,0.9354166666666668,135.95833333333334,79.95833333333333,0,21,12,2,-15.208333333333314,151.16666666666666,46.458333333333336,122.5,20.6,46,20.3,0.0
2022-12-22,59.36666666666667,37.66666666666666,587.375,32.025,33.55833333333333,72.45833333333333,0.2870833333333333,16.083333333333332,0.96875,124.45833333333331,76.25,0,22,12,3,-11.500000000000028,135.95833333333334,15.5,135.20833333333334,20.1,39,20.3,0.0
2022-12-23,91.00833333333333,57.36666666666667,985.4583333333334,55.958333333333336,55.26666666666667,52.75,0.2579166666666667,22.916666666666668,0.9125,138.45833333333334,82.08333333333333,0,23,12,4,14.000000000000028,124.45833333333331,71.625,157.375,19.2,44,16.4,0.0
2022-12-24,68.20833333333333,44.00833333333333,762.2916666666666,48.6625,48.35833333333333,63.208333333333336,0.1983333333333333,13.375,0.9520833333333334,122.5,75.83333333333333,0,24,12,5,-15.958333333333343,138.45833333333334,139.20833333333334,158.875,19.2,37,19.3,0.0
2022-12-25,86.35000000000001,58.10416666666666,716.4166666666666,35.1,40.79583333333333,92.75,0.32375,8.958333333333334,0.9041666666666668,135.20833333333334,79.91666666666667,0,25,12,6,12.708333333333343,122.5,154.75,166.08333333333334,19.1,43,17.3,0.0
2022-12-26,113.70416666666668,76.85000000000001,993.2916666666666,51.78333333333333,54.125,75.375,0.4458333333333333,8.75,0.8729166666666667,157.375,95.625,0,26,12,0,22.166666666666657,135.20833333333334,159.41666666666666,159.375,19.7,43,13.5,0.0
2022-12-27,101.10833333333332,67.91666666666667,763.4166666666666,31.15833333333333,45.11666666666667,88.0,0.4354166666666666,10.958333333333334,0.8624999999999999,158.875,97.83333333333331,0,27,12,1,1.5,157.375,151.16666666666666,96.70833333333331,20.4,39,17.9,0.0
2022-12-28,143.21666666666667,92.5,1454.7083333333333,56.675,72.72083333333333,106.70833333333331,0.41375,23.625,0.8854166666666666,166.08333333333334,101.29166666666669,0,28,12,2,7.208333333333343,158.875,135.95833333333334,114.125,20.1,61,14.8,0.0
2022-12-29,74.40833333333333,44.18333333333334,810.5,32.483333333333334,35.1625,98.79166666666669,0.3225,15.208333333333334,0.8770833333333333,159.375,100.70833333333331,0,29,12,3,-6.708333333333343,166.08333333333334,124.45833333333331,129.58333333333334,23.3,72,27.4,0.0
2022-12-30,61.47916666666666,34.4,516.5833333333334,24.15,35.725,74.875,0.2266666666666666,32.708333333333336,0.9479166666666666,96.70833333333331,67.0,0,30,12,4,-62.666666666666686,159.375,138.45833333333334,119.41666666666669,20.5,45,24.5,0.0
2022-12-31,76.20416666666667,48.19166666666666,659.3333333333334,26.879166666666663,39.72916666666666,99.45833333333331,0.2958333333333333,20.0,0.9541666666666666,114.125,72.91666666666667,0,31,12,5,17.416666666666686,96.70833333333331,122.5,153.0,19.1,48,20.5,0.0
2023-01-01,69.53750000000001,38.4625,782.7083333333334,36.35416666666666,33.37916666666667,84.91666666666667,0.2004166666666667,32.833333333333336,0.9958333333333332,129.58333333333334,77.95833333333333,0,1,1,6,15.458333333333343,114.125,135.20833333333334,117.20833333333331,19.8,65,16.4,0.0
2023-01-02,98.88333333333333,59.99166666666667,905.7083333333334,47.24166666666667,49.3625,71.70833333333333,0.25375,32.791666666666664,0.9875,119.41666666666669,74.75,0,2,1,0,-10.166666666666657,129.58333333333334,157.375,119.95833333333331,19.7,52,15.0,0.0
2023-01-03,77.68333333333334,51.5125,542.7083333333334,25.275,27.15416666666667,80.125,0.3166666666666666,12.708333333333334,0.9604166666666668,153.0,89.66666666666667,0,3,1,1,33.583333333333314,119.41666666666669,158.875,121.75,19.7,36,19.5,0.0
2023-01-04,60.7875,40.72083333333333,466.625,18.004166666666666,25.825,94.54166666666669,0.2595833333333333,7.75,0.9291666666666668,117.20833333333331,73.875,0,4,1,2,-35.791666666666686,153.0,166.08333333333334,132.08333333333334,18.8,33,26.3,0.0
2023-01-05,63.775,43.60833333333333,487.625,14.416666666666666,28.4625,103.04166666666669,0.2725,4.333333333333333,0.9291666666666668,119.95833333333331,74.79166666666667,0,5,1,3,2.75,117.20833333333331,159.375,144.625,17.5,32,29.3,0.0
2023-01-06,67.63333333333334,46.22083333333333,515.0833333333334,14.479166666666666,31.416666666666668,108.25,0.2666666666666666,4.625,0.9479166666666666,121.75,75.375,0,6,1,4,1.7916666666666856,119.95833333333331,96.70833333333331,173.375,18.4,28,25.5,0.0
2023-01-07,73.10416666666667,50.18333333333334,682.1666666666666,24.09583333333333,39.6125,101.625,0.4545833333333333,3.5416666666666665,0.84375,132.08333333333334,78.66666666666667,0,7,1,5,10.333333333333343,121.75,114.125,172.33333333333334,19.9,29,22.1,0.0
2023-01-08,125.82916666666668,87.09583333333335,1645.7916666666667,70.9875,82.81666666666666,104.625,0.4658333333333333,3.5,0.8729166666666667,144.625,86.375,0,8,1,6,12.541666666666657,132.08333333333334,129.58333333333334,153.83333333333334,19.2,39,17.2,0.0
2023-01-09,128.42083333333332,87.19583333333333,1781.0833333333333,81.33333333333333,80.41250000000001,93.375,0.2749999999999999,2.333333333333333,1.0270833333333331,173.375,117.04166666666669,0,9,1,0,28.75,144.625,119.41666666666669,77.875,19.3,70,14.8,0.0
2023-01-10,162.80416666666667,110.39166666666668,2022.9583333333333,88.10000000000001,84.10833333333333,79.41666666666667,0.28625,9.583333333333334,1.0229166666666667,172.33333333333334,118.33333333333331,0,10,1,1,-1.0416666666666572,173.375,153.0,80.08333333333333,19.8,73,15.3,0.0
2023-01-11,54.75,30.45,667.0833333333334,29.054166666666664,25.629166666666663,76.79166666666667,0.265,20.125,0.9479166666666666,153.83333333333334,100.91666666666669,0,11,1,2,-18.5,172.33333333333334,117.20833333333331,98.66666666666669,21.5,77,30.2,0.2
2023-01-12,77.04166666666667,24.604166666666668,348.0416666666667,17.087500000000002,18.65,68.5,0.1804166666666666,117.25,1.0854166666666665,77.875,65.25,0,12,1,3,-75.95833333333334,153.83333333333334,119.95833333333331,92.66666666666669,18.0,29,29.9,0.0
2023-01-13,62.78333333333333,33.55833333333333,615.6666666666666,30.266666666666666,28.516666666666666,81.54166666666667,0.1770833333333333,44.25,1.1145833333333333,80.08333333333333,67.375,0,13,1,4,2.2083333333333286,77.875,121.75,135.625,15.2,18,30.6,0.0
2023-01-14,46.44583333333333,27.5875,589.8333333333334,32.737500000000004,23.4625,68.83333333333333,0.1666666666666666,21.666666666666668,1.10625,98.66666666666669,67.875,0,14,1,5,18.583333333333357,80.08333333333333,132.08333333333334,156.125,15.3,29,18.1,0.0
2023-01-15,67.01666666666667,42.52916666666667,765.375,32.82083333333333,38.59583333333333,85.95833333333333,0.2045833333333333,15.916666666666666,1.1,92.66666666666669,65.5,0,15,1,6,-6.0,98.66666666666669,144.625,168.33333333333334,14.8,44,14.5,0.0
2023-01-16,96.44166666666666,60.375,738.2916666666666,35.270833333333336,60.37083333333334,76.83333333333333,0.31875,22.70833333333333,1.0270833333333331,135.625,80.0,0,16,1,0,42.958333333333314,92.66666666666669,173.375,170.33333333333334,16.4,55,16.3,0.0
2023-01-17,117.58333333333331,79.125,1056.25,47.25,59.9125,93.125,0.3625,12.958333333333334,1.01875,156.125,93.66666666666669,0,17,1,1,20.5,135.625,172.33333333333334,145.375,17.0,37,16.2,0.0
2023-01-18,147.65833333333333,101.02083333333331,1448.25,78.37083333333334,57.18333333333334,63.41666666666666,0.3729166666666666,9.875,1.05,168.33333333333334,112.125,0,18,1,2,12.208333333333343,156.125,153.83333333333334,147.875,17.7,40,13.2,0.0
2023-01-19,99.225,66.89999999999999,839.875,42.19166666666667,30.99166666666667,77.25,0.4629166666666666,11.125,0.94375,170.33333333333334,115.25,0,19,1,3,2.0,168.33333333333334,77.875,132.58333333333334,18.4,35,27.3,0.0
2023-01-20,83.5125,54.833333333333336,676.2083333333334,22.558333333333334,30.8125,109.08333333333331,0.4375,12.458333333333334,0.975,145.375,83.625,0,20,1,4,-24.958333333333343,170.33333333333334,80.08333333333333,118.0,17.6,47,26.3,0.0
2023-01-21,72.61666666666666,48.16666666666666,678.625,25.5875,36.13333333333333,96.41666666666669,0.3825,10.0,1.0541666666666667,147.875,84.16666666666667,0,21,1,5,2.5,145.375,98.66666666666669,118.54166666666669,17.2,50,20.7,0.0
2023-01-22,75.94583333333334,50.04166666666666,862.1666666666666,37.94166666666667,45.25416666666666,84.45833333333333,0.3729166666666666,10.333333333333334,1.08125,132.58333333333334,78.83333333333333,0,22,1,6,-15.291666666666657,147.875,92.66666666666669,113.33333333333331,16.5,48,21.6,0.0
2023-01-23,53.49583333333334,34.68333333333333,722.4583333333334,33.233333333333334,32.0875,71.125,0.2795833333333333,10.875,1.1208333333333331,118.0,74.16666666666667,0,23,1,0,-14.583333333333343,132.58333333333334,135.625,114.29166666666669,16.5,32,18.5,0.0
2023-01-24,78.99166666666666,50.55,869.5,41.43333333333333,40.18333333333333,82.83333333333333,0.2833333333333333,16.375,1.0979166666666669,118.54166666666669,74.375,0,24,1,1,0.5416666666666856,118.0,156.125,91.25,15.0,41,16.4,0.0
2023-01-25,69.38333333333334,41.329166666666666,718.0833333333334,37.67083333333333,39.61666666666667,80.70833333333333,0.21125,26.666666666666668,1.1875,113.33333333333331,72.58333333333333,0,25,1,2,-5.208333333333371,118.54166666666669,168.33333333333334,104.75,14.8,43,18.0,0.0
2023-01-26,49.2875,31.70833333333333,483.7083333333333,24.64583333333333,31.058333333333334,82.625,0.2041666666666667,10.791666666666666,1.2854166666666669,114.29166666666669,72.875,0,26,1,3,0.9583333333333712,113.33333333333331,170.33333333333334,133.20833333333334,16.4,29,24.7,0.0
2023-01-27,51.97916666666666,34.92916666666667,452.7083333333333,17.658333333333335,25.27083333333333,104.54166666666669,0.2375,6.0,1.2916666666666667,91.25,64.95833333333333,0,27,1,4,-23.041666666666686,114.29166666666669,145.375,101.16666666666669,17.3,26,30.9,0.0
2023-01-28,65.15833333333333,44.30416666666667,626.125,32.583333333333336,27.58333333333333,96.25,0.2666666666666666,5.333333333333333,1.2083333333333333,104.75,69.91666666666667,0,28,1,5,13.5,91.25,147.875,155.625,18.0,24,23.0,0.0
2023-01-29,57.925,38.5625,743.5833333333334,40.78333333333333,33.729166666666664,75.25,0.1616666666666666,5.791666666666667,1.2104166666666667,133.20833333333334,78.95833333333333,0,29,1,6,28.458333333333343,104.75,132.58333333333334,145.95833333333334,17.4,43,21.5,0.0
2023-01-30,91.62083333333334,58.92916666666667,1110.1666666666667,49.82916666666667,49.3375,91.66666666666669,0.2208333333333333,19.416666666666668,1.2416666666666667,101.16666666666669,68.625,0,30,1,0,-32.04166666666666,133.20833333333334,118.0,156.91666666666666,18.1,49,18.1,0.0
2023-01-31,81.39999999999999,53.96666666666667,655.3333333333334,28.725,29.42083333333333,89.75,0.30375,11.791666666666666,1.16875,155.625,93.0,0,31,1,1,54.458333333333314,101.16666666666669,118.54166666666669,174.0,19.4,36,25.8,0.0
2023-02-01,75.91666666666667,51.395833333333336,823.5,33.02916666666667,35.6625,107.33333333333331,0.2525,6.5,1.2604166666666667,145.95833333333334,83.20833333333333,0,1,2,2,-9.666666666666657,155.625,113.33333333333331,171.75,19.5,40,26.2,0.0
2023-02-02,142.32500000000002,98.3375,1881.1666666666667,74.78333333333333,77.6125,138.79166666666666,0.1854166666666666,4.5,1.40625,156.91666666666666,89.29166666666667,0,2,2,3,10.958333333333314,145.95833333333334,114.29166666666669,140.08333333333334,18.9,47,17.8,0.0
2023-02-03,126.53333333333336,87.45833333333333,1975.0416666666667,97.48333333333332,73.45416666666667,83.83333333333333,0.1845833333333333,2.9166666666666665,1.4125,174.0,120.875,0,3,2,4,17.083333333333343,156.91666666666666,91.25,126.04166666666669,18.7,53,17.5,0.0
2023-02-04,103.47083333333336,68.09166666666667,1397.375,57.4875,48.8,115.125,0.2445833333333333,12.333333333333334,1.3875,171.75,103.625,0,4,2,5,-2.25,174.0,104.75,198.375,19.3,82,16.2,0.0
2023-02-05,63.26666666666667,35.770833333333336,715.75,29.320833333333336,24.54583333333333,79.45833333333333,0.2795833333333333,22.791666666666668,1.39375,140.08333333333334,84.5,0,5,2,6,-31.666666666666657,171.75,133.20833333333334,161.54166666666666,21.4,83,25.6,0.0
2023-02-06,98.49583333333334,53.4875,819.3333333333334,33.7625,28.425,124.66666666666669,0.29625,46.29166666666666,1.4854166666666666,126.04166666666669,72.70833333333333,0,6,2,0,-14.041666666666657,140.08333333333334,101.16666666666669,111.875,22.8,70,22.6,0.0
2023-02-07,179.6208333333333,115.6875,1715.9166666666667,72.40416666666667,54.36666666666667,149.83333333333334,0.2220833333333333,36.875,1.4791666666666667,198.375,112.54166666666669,0,7,2,1,72.33333333333331,126.04166666666669,155.625,86.41666666666667,20.3,74,14.8,0.0
2023-02-08,76.825,44.57083333333333,826.875,37.425,31.075,87.125,0.2125,33.5,1.4770833333333335,161.54166666666666,103.16666666666669,0,8,2,2,-36.83333333333334,198.375,145.95833333333334,107.875,20.9,83,18.4,0.0
2023-02-09,57.3625,32.6375,510.7083333333333,20.766666666666666,20.7625,83.875,0.2354166666666667,23.70833333333333,1.4708333333333332,111.875,72.08333333333333,0,9,2,3,-49.66666666666666,161.54166666666666,156.91666666666666,151.91666666666666,21.7,85,24.2,0.0
2023-02-10,46.81666666666666,24.7125,357.9166666666667,13.2,14.633333333333333,91.625,0.1783333333333333,16.458333333333332,1.4583333333333333,86.41666666666667,62.75,0,10,2,4,-25.45833333333333,111.875,174.0,131.58333333333334,22.6,81,27.7,0.0
2023-02-11,108.475,68.0125,915.25,37.66666666666666,33.45,107.45833333333331,0.3558333333333334,28.33333333333333,1.2541666666666669,107.875,70.91666666666667,0,11,2,5,21.45833333333333,86.41666666666667,171.75,159.5,22.1,67,22.9,0.0
2023-02-12,73.97500000000001,43.00833333333333,730.9583333333334,43.575,28.183333333333334,62.79166666666666,0.22,34.583333333333336,1.4708333333333332,151.91666666666666,92.375,0,12,2,6,44.04166666666666,107.875,140.08333333333334,155.875,23.2,37,19.5,0.0
2023-02-13,87.04166666666667,56.23333333333333,900.4583333333334,37.25833333333333,37.8875,127.75,0.1591666666666666,18.666666666666668,1.5854166666666665,131.58333333333334,74.75,0,13,2,0,-20.333333333333314,151.91666666666666,126.04166666666669,141.91666666666666,21.9,32,20.5,0.0
2023-02-14,76.15833333333333,44.4125,884.2916666666666,34.862500000000004,32.266666666666666,119.45833333333331,0.2333333333333333,29.166666666666668,1.5,159.5,86.375,0,14,2,1,27.916666666666657,131.58333333333334,198.375,143.375,21.9,79,21.3,0.0
2023-02-15,99.47083333333336,60.95,1277.3333333333333,52.875,47.84583333333333,111.54166666666669,0.1775,30.041666666666668,1.5583333333333331,155.875,81.91666666666667,0,15,2,2,-3.625,159.5,161.54166666666666,185.16666666666663,20.9,90,16.5,0.0
2023-02-16,68.41250000000001,42.16666666666666,929.5416666666666,43.41666666666666,33.520833333333336,79.375,0.12625,20.5,1.5395833333333335,141.91666666666666,82.625,0,16,2,3,-13.958333333333343,155.875,111.875,161.29166666666666,22.2,83,21.1,0.0
2023-02-17,85.44583333333333,56.1,1069.5416666666667,46.020833333333336,36.083333333333336,107.25,0.175,12.666666666666666,1.6395833333333334,143.375,78.25,0,17,2,4,1.4583333333333428,141.91666666666666,86.41666666666667,105.95833333333331,22.4,81,19.2,0.0
2023-02-18,120.65416666666664,82.46249999999999,1370.375,52.67916666666667,42.95,142.16666666666666,0.1166666666666666,5.375,1.66875,185.16666666666663,97.625,0,18,2,5,41.79166666666663,143.375,107.875,120.70833333333331,21.5,77,15.0,0.0
2023-02-19,72.48333333333333,44.6125,993.8333333333334,42.42083333333333,36.74583333333333,94.66666666666669,0.1341666666666666,18.45833333333333,1.6791666666666665,161.29166666666666,93.45833333333331,0,19,2,6,-23.87499999999997,185.16666666666663,151.91666666666666,109.66666666666669,21.6,87,18.6,0.0
2023-02-20,57.55416666666667,30.7875,628.0416666666666,26.566666666666663,23.445833333333336,92.25,0.1641666666666666,30.791666666666668,1.7020833333333334,105.95833333333331,69.41666666666667,0,20,2,0,-55.33333333333334,161.29166666666666,131.58333333333334,74.83333333333333,23.4,79,23.2,0.0
2023-02-21,79.89166666666667,48.05416666666667,829.0416666666666,33.833333333333336,28.7875,116.875,0.325,23.791666666666668,1.46875,120.70833333333331,71.5,0,21,2,1,14.75,105.95833333333331,159.5,95.91666666666669,23.0,85,18.5,0.0
2023-02-22,41.56666666666667,22.29583333333333,389.0,16.454166666666666,13.658333333333331,98.54166666666669,0.2929166666666666,10.333333333333334,1.5833333333333333,109.66666666666669,69.91666666666667,0,22,2,2,-11.041666666666629,120.70833333333331,155.875,90.16666666666669,22.8,82,26.3,0.0
2023-02-23,51.5625,28.445833333333336,542.9583333333334,25.8375,21.2,96.66666666666669,0.2966666666666667,7.916666666666667,1.6104166666666666,74.83333333333333,53.125,0,23,2,3,-34.83333333333336,109.66666666666669,141.91666666666666,84.375,22.4,81,21.7,0.0
2023-02-24,69.85833333333333,32.88333333333333,623.0416666666666,26.6625,23.695833333333336,97.08333333333331,0.2254166666666666,47.333333333333336,1.6604166666666669,95.91666666666669,65.33333333333333,0,24,2,4,21.083333333333357,74.83333333333333,143.375,118.16666666666669,21.9,85,21.5,0.0
2023-02-25,56.52916666666667,27.8375,575.7083333333334,28.4375,20.945833333333333,61.54166666666666,0.225,37.958333333333336,1.7541666666666669,90.16666666666669,67.54166666666667,0,25,2,5,-5.75,95.91666666666669,185.16666666666663,118.91666666666669,23.2,79,23.9,0.0
2023-02-26,49.2375,30.22083333333333,630.125,30.379166666666663,24.28333333333333,68.20833333333333,0.2116666666666666,13.083333333333334,1.7166666666666668,84.375,63.125,0,26,2,6,-5.791666666666686,90.16666666666669,161.29166666666666,129.5,23.5,82,20.2,0.0
2023-02-27,69.37916666666666,42.50416666666667,896.9583333333334,38.49166666666667,32.708333333333336,95.70833333333331,0.20625,20.0,1.7458333333333331,118.16666666666669,70.29166666666667,0,27,2,0,33.791666666666686,84.375,105.95833333333331,162.54166666666666,23.2,84,18.5,0.0
2023-02-28,66.07083333333334,39.65,799.875,37.35833333333333,28.933333333333334,81.66666666666667,0.2029166666666666,20.95833333333333,1.75625,118.91666666666669,73.58333333333333,0,28,2,1,0.75,118.16666666666669,120.70833333333331,169.79166666666666,23.0,83,21.3,0.0
2023-03-01,115.99583333333334,74.14999999999999,937.25,36.54583333333333,27.78333333333333,100.08333333333331,0.36125,23.70833333333333,1.625,129.5,77.45833333333333,0,1,3,2,10.583333333333314,118.91666666666669,109.66666666666669,174.54166666666666,23.5,79,22.7,0.0
2023-03-02,96.0,63.07083333333333,681.375,23.683333333333334,27.79583333333333,126.375,0.3658333333333333,15.916666666666666,1.69375,162.54166666666666,98.5,0,2,3,3,33.04166666666666,129.5,74.83333333333333,189.41666666666663,26.3,48,22.6,0.0
2023-03-03,110.4375,73.59583333333333,699.625,28.33333333333333,32.69583333333333,130.20833333333334,0.385,13.75,1.6729166666666666,169.79166666666666,95.20833333333331,0,3,3,4,7.25,162.54166666666666,95.91666666666669,201.20833333333331,26.1,51,18.6,0.0
2023-03-04,90.40416666666664,60.5125,750.4583333333334,25.916666666666668,29.6875,141.29166666666666,0.3408333333333333,9.833333333333334,1.6708333333333334,174.54166666666666,95.58333333333331,0,4,3,5,4.75,169.79166666666666,90.16666666666669,184.58333333333331,26.0,50,25.0,0.0
2023-03-05,115.97916666666669,79.8625,1175.5833333333333,38.32083333333333,36.21666666666666,157.375,0.3254166666666667,3.75,1.7541666666666669,189.41666666666663,97.25,0,5,3,6,14.874999999999972,174.54166666666666,84.375,190.83333333333331,25.8,50,23.2,0.0
2023-03-06,118.52083333333331,79.9875,1318.25,41.49583333333333,43.25833333333333,171.04166666666666,0.2875,9.916666666666666,1.8291666666666664,201.20833333333331,104.625,0,6,3,0,11.791666666666686,189.41666666666663,118.16666666666669,208.41666666666663,25.4,56,22.0,0.0
2023-03-07,103.4625,66.08749999999999,1305.4583333333333,49.8375,49.62083333333334,137.91666666666666,0.33875,19.20833333333333,1.775,184.58333333333331,98.41666666666669,0,7,3,1,-16.625,201.20833333333331,118.91666666666669,214.625,24.7,71,23.1,0.0
2023-03-08,153.07916666666668,103.22916666666669,1606.9583333333333,53.3125,60.46666666666667,191.75,0.3616666666666666,11.333333333333334,1.9125,190.83333333333331,106.79166666666669,0,8,3,2,6.25,184.58333333333331,129.5,160.83333333333334,24.7,73,24.0,0.0
2023-03-09,175.01666666666665,119.77083333333331,1663.1666666666667,55.7875,44.05416666666667,200.625,0.2970833333333333,7.625,1.93125,208.41666666666663,138.83333333333334,0,9,3,3,17.583333333333314,190.83333333333331,162.54166666666666,154.875,25.9,60,22.9,0.0
2023-03-10,126.19166666666666,87.0625,1358.25,55.7125,44.6875,179.83333333333334,0.2141666666666666,3.9583333333333335,2.0770833333333334,214.625,121.08333333333331,0,10,3,4,6.208333333333371,208.41666666666663,169.79166666666666,158.16666666666666,25.8,55,21.1,0.0
2023-03-11,100.3875,68.7625,1373.5,63.04166666666666,51.11666666666667,99.58333333333331,0.2183333333333333,3.0416666666666665,1.73125,160.83333333333334,98.875,0,11,3,5,-53.79166666666666,214.625,174.54166666666666,114.625,25.4,63,17.9,0.0
2023-03-12,84.3125,57.55833333333334,1294.2083333333333,61.59166666666667,50.875,76.70833333333333,0.26875,1.2083333333333333,1.6541666666666668,154.875,91.625,0,12,3,6,-5.958333333333343,160.83333333333334,189.41666666666663,87.79166666666667,25.7,63,19.1,0.0
2023-03-13,73.71666666666667,48.26666666666667,1136.0833333333333,46.52916666666667,47.395833333333336,113.66666666666669,0.2645833333333333,7.458333333333333,1.875,158.16666666666666,84.5,0,13,3,0,3.291666666666657,154.875,201.20833333333331,76.70833333333333,25.0,72,20.6,0.0
2023-03-14,49.75833333333333,31.441666666666663,830.75,40.4875,36.49583333333333,63.25,0.3708333333333333,8.041666666666666,1.64375,114.625,73.08333333333333,0,14,3,1,-43.54166666666666,158.16666666666666,184.58333333333331,80.70833333333333,24.0,81,21.6,0.0
2023-03-15,45.49583333333334,25.133333333333336,448.75,18.6125,19.120833333333334,73.95833333333333,0.3329166666666667,16.875,1.9,87.79166666666667,63.79166666666666,0,15,3,2,-26.83333333333333,114.625,190.83333333333331,135.375,25.1,80,19.9,0.0
2023-03-16,42.55416666666667,23.383333333333336,505.875,21.691666666666663,20.216666666666665,74.41666666666667,0.2725,14.166666666666666,2.002083333333333,76.70833333333333,58.375,0,16,3,3,-11.083333333333343,87.79166666666667,208.41666666666663,161.45833333333334,25.5,80,28.8,0.0
2023-03-17,44.77916666666667,26.2875,623.5416666666666,27.92083333333333,25.96666666666667,83.54166666666667,0.3304166666666666,9.375,1.925,80.70833333333333,56.583333333333336,0,17,3,4,4.0,76.70833333333333,214.625,103.58333333333331,25.6,80,19.4,0.0
2023-03-18,84.5625,54.36666666666667,912.9583333333334,38.208333333333336,43.375,128.70833333333334,0.3475,14.75,1.8979166666666665,135.375,74.70833333333333,0,18,3,5,54.66666666666667,80.70833333333333,160.83333333333334,70.20833333333333,25.4,66,21.3,0.0
2023-03-19,73.6375,44.85833333333333,752.2083333333334,30.6625,40.99166666666667,123.33333333333331,0.4370833333333333,19.45833333333333,1.71875,161.45833333333334,82.58333333333333,0,19,3,6,26.083333333333343,135.375,154.875,64.0,24.9,69,24.3,0.0
2023-03-20,51.3125,25.8625,523.5416666666666,22.59583333333333,26.20833333333333,84.54166666666667,0.32,27.666666666666668,1.8,103.58333333333331,68.29166666666667,0,20,3,0,-57.87500000000003,161.45833333333334,158.16666666666666,64.79166666666667,24.5,77,15.3,0.0
2023-03-21,39.99166666666667,18.6625,363.0,15.295833333333334,14.8625,67.125,0.2129166666666666,25.70833333333333,2.1020833333333333,70.20833333333333,48.91666666666666,0,21,3,1,-33.374999999999986,103.58333333333331,114.625,70.375,25.1,71,20.7,0.0
2023-03-22,34.4375,18.65833333333333,358.3333333333333,14.833333333333334,14.354166666666666,67.16666666666667,0.25875,12.333333333333334,2.058333333333333,64.0,41.04166666666666,0,22,3,2,-6.208333333333329,70.20833333333333,87.79166666666667,72.16666666666667,23.9,78,24.7,0.4
2023-03-23,40.0875,18.525,319.0416666666667,13.841666666666669,11.975,59.125,0.3391666666666666,24.95833333333333,1.5875,64.79166666666667,38.25,0,23,3,3,0.7916666666666714,64.0,76.70833333333333,93.875,23.4,81,26.1,3.8
2023-03-24,49.10416666666666,18.383333333333333,265.3333333333333,10.508333333333333,7.975,114.29166666666669,0.21625,53.833333333333336,2.122916666666667,70.375,53.958333333333336,0,24,3,4,5.583333333333329,64.79166666666667,80.70833333333333,101.125,24.4,60,31.7,0.0
2023-03-25,47.025,20.916666666666668,320.3333333333333,12.404166666666669,9.983333333333333,112.875,0.27875,35.541666666666664,1.95625,72.16666666666667,57.208333333333336,0,25,3,5,1.7916666666666714,70.375,135.375,88.79166666666667,24.5,67,19.9,0.0
2023-03-26,57.45416666666667,30.20833333333333,597.8333333333334,24.79583333333333,21.7125,111.58333333333331,0.29375,35.291666666666664,2.091666666666667,93.875,61.583333333333336,0,26,3,6,21.70833333333333,72.16666666666667,161.45833333333334,72.70833333333333,24.1,75,26.6,0.0
2023-03-27,56.34166666666667,31.6625,650.4583333333334,29.429166666666664,25.620833333333334,100.45833333333331,0.2383333333333333,27.75,2.175,101.125,66.0,0,27,3,0,7.25,93.875,103.58333333333331,78.125,24.6,69,22.3,0.0
2023-03-28,48.98333333333333,25.52083333333333,381.7916666666667,14.058333333333332,15.9625,94.79166666666669,0.27625,27.916666666666668,2.191666666666667,88.79166666666667,64.16666666666667,0,28,3,1,-12.333333333333329,101.125,70.20833333333333,78.54166666666667,24.5,78,24.9,0.0
2023-03-29,50.91666666666666,21.429166666666664,308.9166666666667,10.504166666666666,12.520833333333334,80.625,0.3799999999999999,41.79166666666666,2.05625,72.70833333333333,54.958333333333336,0,29,3,2,-16.083333333333343,88.79166666666667,64.0,71.70833333333333,25.3,78,25.8,0.0
2023-03-30,56.525000000000006,23.054166666666664,316.0416666666667,10.9125,13.470833333333331,112.0,0.2695833333333333,48.875,2.075,78.125,62.375,0,30,3,3,5.416666666666671,72.70833333333333,64.79166666666667,65.54166666666667,25.2,71,25.1,0.8
2023-03-31,48.625,23.34166666666667,288.2916666666667,8.958333333333334,9.9375,112.45833333333331,0.255,24.875,2.1104166666666666,78.54166666666667,60.333333333333336,0,31,3,4,0.4166666666666714,78.125,70.375,68.04166666666667,25.8,76,30.0,0.0
2023-04-01,37.97083333333333,19.39583333333333,168.04166666666666,3.4625,5.145833333333333,96.33333333333331,0.19125,17.333333333333332,2.285416666666667,71.70833333333333,51.0,0,1,4,5,-6.833333333333343,78.54166666666667,72.16666666666667,82.41666666666667,25.6,74,27.7,0.0
2023-04-02,41.00833333333333,20.47083333333333,299.625,8.674999999999999,11.5,96.375,0.3041666666666666,21.916666666666668,2.122916666666667,65.54166666666667,43.083333333333336,0,2,4,6,-6.166666666666657,71.70833333333333,93.875,77.79166666666667,25.4,77,29.6,0.0
2023-04-03,47.59583333333333,21.075,321.5833333333333,11.566666666666668,13.183333333333332,83.58333333333333,0.3941666666666667,33.541666666666664,2.004166666666667,68.04166666666667,46.083333333333336,0,3,4,0,2.5,65.54166666666667,101.125,73.625,26.1,78,26.5,0.3
2023-04-04,33.575,16.787499999999998,373.9583333333333,14.029166666666669,13.058333333333332,111.83333333333331,0.15375,11.916666666666666,2.245833333333333,82.41666666666667,56.04166666666666,0,4,4,1,14.375,68.04166666666667,88.79166666666667,96.66666666666669,24.9,74,22.3,0.0
2023-04-05,29.883333333333336,16.5625,435.625,17.425,15.020833333333334,116.41666666666669,0.1745833333333333,8.0,2.1437500000000003,77.79166666666667,47.625,0,5,4,2,-4.625,82.41666666666667,72.70833333333333,128.95833333333334,25.1,69,23.0,0.0
2023-04-06,38.725,20.229166666666668,499.8333333333333,22.7125,18.025,103.875,0.1716666666666666,13.166666666666666,2.19375,73.625,45.708333333333336,0,6,4,3,-4.166666666666671,77.79166666666667,78.125,93.16666666666669,25.0,76,26.4,0.0
2023-04-07,48.125,27.566666666666663,710.5833333333334,29.766666666666666,25.541666666666668,111.79166666666669,0.2729166666666666,15.0,2.1125,96.66666666666669,55.41666666666666,0,7,4,4,23.041666666666686,73.625,78.54166666666667,80.375,25.2,78,24.0,0.0
2023-04-08,64.03333333333333,38.3375,740.5,27.0125,25.266666666666666,126.375,0.3429166666666667,18.875,2.095833333333333,128.95833333333334,70.54166666666667,0,8,4,5,32.29166666666666,96.66666666666669,71.70833333333333,83.16666666666667,25.8,76,28.3,0.0
2023-04-09,44.1375,22.875,532.625,22.4625,21.7625,83.79166666666667,0.33375,22.291666666666668,2.1750000000000003,93.16666666666669,63.458333333333336,0,9,4,6,-35.79166666666666,128.95833333333334,65.54166666666667,123.66666666666669,25.6,78,29.5,0.0
2023-04-10,51.80416666666667,27.8625,730.9166666666666,33.32083333333333,36.891666666666666,74.04166666666667,0.2729166666666666,24.33333333333333,1.8708333333333331,80.375,59.41666666666666,0,10,4,0,-12.791666666666686,93.16666666666669,68.04166666666667,101.0,25.2,82,20.0,0.0
2023-04-11,46.425,24.616666666666664,684.4166666666666,31.191666666666663,28.704166666666666,75.29166666666667,0.2195833333333333,23.58333333333333,2.28125,83.16666666666667,61.04166666666666,0,11,4,1,2.7916666666666714,80.375,82.41666666666667,74.45833333333333,25.2,82,21.8,0.0
2023-04-12,69.96249999999999,39.895833333333336,696.9583333333334,25.79583333333333,25.354166666666668,115.54166666666669,0.2945833333333333,30.916666666666668,2.11875,123.66666666666669,68.91666666666667,0,12,4,2,40.500000000000014,83.16666666666667,77.79166666666667,78.375,27.0,76,27.7,0.0
2023-04-13,50.895833333333336,26.879166666666663,590.4166666666666,24.27083333333333,22.83333333333333,79.04166666666667,0.2770833333333333,29.45833333333333,2.302083333333333,101.0,67.75,0,13,4,3,-22.666666666666686,123.66666666666669,73.625,83.625,27.9,70,27.1,0.0
2023-04-14,40.6125,20.7375,508.9166666666667,21.554166666666664,20.98333333333333,66.125,0.2575,24.5,2.375,74.45833333333333,54.625,0,14,4,4,-26.54166666666667,101.0,96.66666666666669,80.83333333333333,27.0,82,25.1,0.0
2023-04-15,63.8375,29.504166666666663,666.375,29.4125,30.7375,73.70833333333333,0.3166666666666666,49.125,2.4083333333333337,78.375,56.625,0,15,4,5,3.9166666666666714,74.45833333333333,128.95833333333334,77.33333333333333,27.2,82,25.0,0.0
2023-04-16,50.7875,23.554166666666664,531.9583333333334,22.254166666666663,22.70833333333333,86.70833333333333,0.3008333333333333,32.291666666666664,2.495833333333333,83.625,64.54166666666667,0,16,4,6,5.25,78.375,93.16666666666669,92.54166666666669,27.4,81,27.7,0.0
2023-04-17,47.7875,21.245833333333334,471.25,19.654166666666665,19.133333333333333,99.45833333333331,0.2404166666666667,33.458333333333336,2.464583333333333,80.83333333333333,57.29166666666666,0,17,4,0,-2.7916666666666714,83.625,80.375,99.58333333333331,27.3,77,23.7,0.0
2023-04-18,54.2875,28.629166666666663,534.75,23.1125,19.75,79.45833333333333,0.33625,29.75,2.11875,77.33333333333333,60.5,0,18,4,1,-3.5,80.83333333333333,83.16666666666667,75.0,28.6,67,36.7,0.0
2023-04-19,62.70416666666667,32.666666666666664,576.125,23.90416666666667,21.316666666666663,91.5,0.2725,39.083333333333336,1.9520833333333332,92.54166666666669,65.66666666666667,0,19,4,2,15.208333333333357,77.33333333333333,123.66666666666669,79.29166666666667,27.8,63,27.9,0.0
2023-04-20,53.52916666666667,26.870833333333334,459.8333333333333,18.0125,16.320833333333333,106.625,0.2920833333333333,29.291666666666668,2.3041666666666667,99.58333333333331,65.25,0,20,4,3,7.041666666666629,92.54166666666669,101.0,78.95833333333333,27.9,71,26.5,0.0
2023-04-21,40.6,20.1,388.6666666666667,15.316666666666665,14.2,72.625,0.25875,20.125,2.402083333333333,75.0,55.25,0,21,4,4,-24.583333333333314,99.58333333333331,74.45833333333333,80.45833333333333,27.6,77,29.8,0.0
2023-04-22,48.87083333333334,23.8375,445.9583333333333,17.645833333333332,18.091666666666665,90.58333333333331,0.2458333333333333,25.416666666666668,2.433333333333333,79.29166666666667,52.125,0,22,4,5,4.291666666666671,75.0,78.375,85.875,27.6,76,28.5,0.0
2023-04-23,44.3125,23.245833333333334,563.4583333333334,23.90416666666667,22.6875,78.20833333333333,0.2283333333333333,22.166666666666668,2.441666666666667,78.95833333333333,57.083333333333336,0,23,4,6,-0.3333333333333428,79.29166666666667,83.625,81.5,28.2,74,28.2,0.0
2023-04-24,52.6375,28.40416666666667,640.5,29.17083333333333,25.1875,60.04166666666666,0.2483333333333333,24.791666666666668,1.75,80.45833333333333,60.208333333333336,0,24,4,0,1.5,78.95833333333333,80.83333333333333,66.54166666666667,27.7,78,22.6,0.0
2023-04-25,51.92083333333333,28.679166666666664,545.875,22.304166666666664,20.304166666666667,67.33333333333333,0.3158333333333333,21.916666666666668,1.94375,85.875,63.083333333333336,0,25,4,1,5.416666666666671,80.45833333333333,77.33333333333333,58.375,28.1,70,36.0,0.0
2023-04-26,47.4,24.241666666666664,419.0,16.283333333333335,15.55,81.79166666666667,0.4083333333333334,26.25,1.7229166666666669,81.5,61.458333333333336,0,26,4,2,-4.375,85.875,92.54166666666669,68.16666666666667,28.2,55,28.9,0.0
2023-04-27,30.64583333333333,15.5625,305.375,10.679166666666667,10.554166666666667,66.375,0.2308333333333333,12.5,2.35,66.54166666666667,43.04166666666666,0,27,4,3,-14.958333333333329,81.5,99.58333333333331,69.04166666666667,27.2,72,23.7,0.3
2023-04-28,31.191666666666663,15.583333333333334,323.875,12.05,12.158333333333331,70.58333333333333,0.2891666666666666,13.458333333333334,2.129166666666667,58.375,35.583333333333336,0,28,4,4,-8.166666666666671,66.54166666666667,75.0,72.625,25.9,76,19.5,3.4
2023-04-29,29.65,15.779166666666669,384.0416666666667,13.683333333333332,18.1,88.33333333333333,0.2966666666666667,12.416666666666666,2.1375,68.16666666666667,40.125,0,29,4,5,9.791666666666671,58.375,79.29166666666667,68.83333333333333,25.2,76,19.0,0.8
2023-04-30,33.99583333333333,17.3875,391.125,15.354166666666666,19.454166666666666,88.0,0.265,18.041666666666668,2.285416666666667,69.04166666666667,42.54166666666666,0,30,4,6,0.875,68.16666666666667,78.95833333333333,60.375,26.0,69,19.0,0.2
2023-05-01,35.09583333333333,20.216666666666665,398.6666666666667,15.3625,16.599999999999998,91.33333333333331,0.415,9.625,2.0708333333333333,72.625,44.875,0,1,5,0,3.5833333333333286,69.04166666666667,80.45833333333333,62.125,27.3,71,22.8,0.9
2023-05-02,35.0,19.2,430.0,16.704166666666666,17.820833333333333,79.08333333333333,0.3754166666666667,10.791666666666666,2.239583333333333,68.83333333333333,46.083333333333336,0,2,5,1,-3.7916666666666714,72.625,85.875,67.79166666666667,27.9,74,27.2,0.1
2023-05-03,29.191666666666663,15.191666666666668,421.0,17.108333333333334,17.779166666666665,71.08333333333333,0.3729166666666666,11.083333333333334,2.2687500000000003,60.375,39.708333333333336,0,3,5,2,-8.458333333333329,68.83333333333333,81.5,68.16666666666667,27.8,78,22.3,0.0
2023-05-04,41.7625,20.15833333333333,481.2083333333333,20.825,23.375,68.79166666666667,0.31375,26.5,2.4541666666666666,62.125,40.0,0,4,5,3,1.75,60.375,66.54166666666667,69.58333333333333,27.6,80,25.7,0.0
2023-05-05,45.50416666666666,20.058333333333334,442.25,18.55,19.55,71.91666666666667,0.3020833333333333,37.458333333333336,2.497916666666667,67.79166666666667,50.91666666666666,0,5,5,4,5.666666666666671,62.125,58.375,68.75,27.7,80,25.4,0.0
2023-05-06,40.87083333333333,20.5375,422.0833333333333,17.925,17.908333333333335,73.95833333333333,0.2141666666666666,24.5,2.6479166666666667,68.16666666666667,49.333333333333336,0,6,5,5,0.375,67.79166666666667,68.16666666666667,81.125,28.5,76,26.8,0.0
2023-05-07,48.3875,21.029166666666665,352.25,14.166666666666666,15.058333333333332,65.66666666666667,0.2799999999999999,43.66666666666666,2.591666666666667,69.58333333333333,49.16666666666666,0,7,5,6,1.4166666666666572,68.16666666666667,69.04166666666667,93.20833333333331,28.4,80,28.3,0.0
2023-05-08,43.325,21.59583333333333,439.2083333333333,19.0,19.35,70.45833333333333,0.23375,27.541666666666668,2.825,68.75,53.91666666666666,0,8,5,0,-0.8333333333333286,69.58333333333333,72.625,88.83333333333333,28.8,79,29.1,0.0
2023-05-09,56.97083333333333,29.704166666666666,609.8333333333334,27.0,29.166666666666668,67.5,0.2299999999999999,35.375,2.7916666666666665,81.125,59.5,0,9,5,1,12.375,68.75,68.83333333333333,71.375,28.4,79,26.6,0.0
2023-05-10,48.5375,27.4,647.4166666666666,28.5625,26.825,84.20833333333333,0.1987499999999999,20.625,2.7895833333333333,93.20833333333331,63.79166666666666,0,10,5,2,12.083333333333314,81.125,60.375,63.04166666666666,29.4,71,26.0,0.0
2023-05-11,47.925,25.60833333333333,488.0,19.654166666666665,20.341666666666665,87.25,0.1745833333333333,26.25,2.825,88.83333333333333,62.708333333333336,0,11,5,3,-4.374999999999986,93.20833333333331,62.125,60.833333333333336,30.2,68,31.1,0.0
2023-05-12,30.09583333333333,18.22083333333333,445.875,17.599999999999998,20.8375,68.58333333333333,0.1704166666666666,5.0,2.829166666666667,71.375,51.66666666666666,0,12,5,4,-17.45833333333333,88.83333333333333,67.79166666666667,56.833333333333336,30.3,66,34.5,0.0
2023-05-13,30.741666666666664,17.95,514.625,21.416666666666668,24.0375,60.833333333333336,0.1729166666666667,6.708333333333333,2.8541666666666665,63.04166666666666,39.66666666666666,0,13,5,5,-8.333333333333343,71.375,68.16666666666667,60.208333333333336,30.1,71,37.1,0.0
2023-05-14,29.28333333333333,15.041666666666666,300.5,10.1,14.3875,59.875,0.2170833333333333,9.958333333333334,2.720833333333333,60.833333333333336,34.791666666666664,0,14,5,6,-2.2083333333333215,63.04166666666666,69.58333333333333,63.208333333333336,29.6,80,29.6,0.0
2023-05-15,34.645833333333336,16.358333333333334,263.2916666666667,10.016666666666667,13.170833333333333,57.333333333333336,0.3395833333333333,18.08333333333333,2.4541666666666666,56.833333333333336,32.916666666666664,0,15,5,0,-4.0,60.833333333333336,68.75,57.66666666666666,29.6,80,32.8,0.1
2023-05-16,33.53333333333333,17.654166666666665,243.58333333333331,9.295833333333333,10.8375,50.5,0.3725,11.666666666666666,2.5625,60.208333333333336,34.291666666666664,0,16,5,1,3.375,56.833333333333336,81.125,58.125,29.6,81,35.1,0.0
2023-05-17,34.50416666666667,16.791666666666668,205.875,7.458333333333333,8.745833333333334,53.333333333333336,0.3425,14.875,2.435416666666667,63.208333333333336,36.5,0,17,5,2,3.0,60.208333333333336,93.20833333333331,58.75,29.4,77,32.9,0.6
2023-05-18,35.63333333333333,15.329166666666666,270.0833333333333,11.058333333333332,11.479166666666666,55.66666666666666,0.3920833333333333,26.666666666666668,2.3000000000000003,57.66666666666666,34.75,0,18,5,3,-5.5416666666666785,63.208333333333336,88.83333333333333,58.125,29.6,80,29.0,0.0
2023-05-19,42.3375,16.875,308.6666666666667,12.75,13.625,53.29166666666666,0.415,41.91666666666666,2.525,58.125,38.833333333333336,0,19,5,4,0.4583333333333428,57.66666666666666,71.375,59.833333333333336,29.3,81,26.5,0.0
2023-05-20,35.625,15.129166666666668,237.70833333333331,8.895833333333334,9.833333333333334,51.375,0.3475,28.541666666666668,2.6229166666666663,58.75,40.958333333333336,0,20,5,5,0.625,58.125,63.04166666666666,56.79166666666666,29.1,78,30.9,0.0
2023-05-21,38.05,16.570833333333333,223.125,7.783333333333334,8.904166666666667,52.16666666666666,0.3041666666666666,25.375,2.65625,58.125,36.375,0,21,5,6,-0.625,58.75,60.833333333333336,61.083333333333336,29.7,76,32.4,0.0
2023-05-22,37.29166666666666,15.925,234.79166666666663,8.512500000000001,9.508333333333333,54.208333333333336,0.3258333333333333,25.20833333333333,2.5375,59.833333333333336,39.458333333333336,0,22,5,0,1.7083333333333357,58.125,56.833333333333336,62.083333333333336,29.8,80,34.3,0.0
2023-05-23,32.27916666666667,15.8,294.3333333333333,12.466666666666669,12.9625,47.79166666666666,0.3295833333333333,16.166666666666668,2.458333333333333,56.79166666666666,33.416666666666664,0,23,5,1,-3.0416666666666785,59.833333333333336,60.208333333333336,63.875,29.7,83,33.6,0.4
2023-05-24,34.266666666666666,17.849999999999998,308.5,12.05,13.408333333333331,53.458333333333336,0.35375,12.5,2.6583333333333337,61.083333333333336,34.833333333333336,0,24,5,2,4.2916666666666785,56.79166666666666,63.208333333333336,60.79166666666666,29.9,82,35.5,0.0
2023-05-25,34.9625,18.308333333333334,271.0,9.258333333333333,11.016666666666666,50.375,0.425,11.166666666666666,2.4625,62.083333333333336,35.5,0,25,5,3,1.0,61.083333333333336,57.66666666666666,59.875,30.3,80,44.6,0.0
2023-05-26,33.670833333333334,17.5,256.9583333333333,9.2625,10.445833333333333,45.833333333333336,0.4025,10.5,2.51875,63.875,37.125,0,26,5,4,1.7916666666666643,62.083333333333336,58.125,54.66666666666666,30.2,81,45.1,0.0
2023-05-27,33.86666666666667,17.75,283.4166666666667,11.0625,12.516666666666666,45.66666666666666,0.43625,10.541666666666666,2.525,60.79166666666666,34.25,0,27,5,5,-3.083333333333343,63.875,58.75,51.583333333333336,30.2,79,38.6,0.0
2023-05-28,28.4625,14.495833333333332,290.6666666666667,11.35,13.370833333333332,44.583333333333336,0.38625,11.5,2.489583333333333,59.875,33.541666666666664,0,28,5,6,-0.9166666666666572,60.79166666666666,58.125,52.958333333333336,30.1,80,30.9,0.0
2023-05-29,25.95,13.258333333333333,294.8333333333333,11.7625,14.520833333333334,42.41666666666666,0.52125,11.416666666666666,2.1437500000000003,54.66666666666666,28.916666666666668,0,29,5,0,-5.208333333333343,59.875,59.833333333333336,52.125,29.9,83,31.7,0.0
2023-05-30,27.416666666666668,13.3625,252.29166666666663,10.0375,11.266666666666666,43.75,0.4741666666666666,14.916666666666666,2.0166666666666666,51.583333333333336,27.45833333333333,0,30,5,1,-3.0833333333333215,54.66666666666666,56.79166666666666,59.083333333333336,29.9,76,28.0,0.2
2023-05-31,23.070833333333336,13.0375,216.41666666666663,8.358333333333333,9.654166666666669,41.54166666666666,0.3516666666666666,2.1666666666666665,2.3875,52.958333333333336,26.916666666666668,0,31,5,2,1.375,51.583333333333336,61.083333333333336,56.375,29.6,74,34.1,1.1
2023-06-01,27.09583333333333,14.408333333333331,205.75,7.233333333333333,8.041666666666666,45.25,0.4241666666666666,6.458333333333333,2.2270833333333333,52.125,26.375,0,1,6,3,-0.8333333333333357,52.958333333333336,62.083333333333336,61.54166666666666,29.9,77,33.7,1.4
2023-06-02,31.616666666666664,15.904166666666669,278.0416666666667,10.695833333333333,12.0375,54.79166666666666,0.6045833333333334,14.208333333333334,2.2041666666666666,59.083333333333336,33.25,0,2,6,4,6.958333333333336,52.125,63.875,64.41666666666667,30.0,81,29.7,0.1
2023-06-03,33.28333333333333,15.45,303.9583333333333,12.429166666666667,13.654166666666669,58.04166666666666,0.3929166666666666,22.916666666666668,2.5,56.375,34.083333333333336,0,3,6,5,-2.7083333333333357,59.083333333333336,60.79166666666666,60.41666666666666,29.9,82,32.7,0.0
2023-06-04,47.32083333333333,19.79583333333333,334.6666666666667,13.375,15.120833333333332,67.75,0.43,43.91666666666666,2.3895833333333334,61.54166666666666,43.583333333333336,0,4,6,6,5.166666666666657,56.375,59.875,65.45833333333333,30.0,81,30.3,0.0
2023-06-05,39.50416666666667,16.891666666666666,295.25,12.370833333333332,13.529166666666669,58.04166666666666,0.4045833333333333,34.458333333333336,2.377083333333333,64.41666666666667,50.458333333333336,0,5,6,0,2.875000000000014,61.54166666666666,54.66666666666666,63.66666666666666,30.0,81,31.1,0.0
2023-06-06,37.24583333333333,17.966666666666665,347.5416666666667,15.358333333333333,16.0,61.41666666666666,0.38375,17.25,2.5104166666666665,60.41666666666666,39.5,0,6,6,1,-4.000000000000014,64.41666666666667,51.583333333333336,59.708333333333336,30.4,81,31.4,0.0
2023-06-07,42.48333333333333,20.179166666666667,361.0833333333333,15.8,18.116666666666667,60.04166666666666,0.3829166666666666,26.541666666666668,2.520833333333333,65.45833333333333,42.458333333333336,0,7,6,2,5.041666666666671,60.41666666666666,52.958333333333336,65.54166666666667,30.6,81,26.5,0.0
2023-06-08,34.90833333333333,16.045833333333334,245.08333333333331,9.145833333333334,11.5375,58.125,0.3754166666666667,22.20833333333333,2.4854166666666666,63.66666666666666,40.29166666666666,0,8,6,3,-1.7916666666666714,65.45833333333333,52.125,60.79166666666666,30.3,78,27.4,0.0
2023-06-09,42.10416666666666,18.616666666666667,219.25,7.9875,9.2875,52.41666666666666,0.45,31.95833333333333,2.23125,59.708333333333336,36.91666666666666,0,9,6,4,-3.9583333333333215,63.66666666666666,59.083333333333336,149.33333333333334,30.2,76,30.3,0.8
2023-06-10,37.325,16.695833333333333,243.0,9.579166666666667,11.329166666666666,54.75,0.45625,29.166666666666668,2.3666666666666667,65.54166666666667,48.79166666666666,0,10,6,5,5.833333333333336,59.708333333333336,56.375,117.83333333333331,29.9,76,23.4,0.2
2023-06-11,35.11666666666667,21.8625,515.625,25.17083333333333,26.066666666666663,61.708333333333336,0.3441666666666667,4.75,2.5875,60.79166666666666,41.5,0,11,6,6,-4.750000000000014,65.54166666666667,61.54166666666666,60.79166666666666,30.0,76,19.4,0.0
2023-06-12,93.07083333333333,61.19583333333333,790.375,27.42083333333333,34.458333333333336,147.41666666666666,0.3170833333333333,9.916666666666666,2.566666666666667,149.33333333333334,75.5,0,12,6,0,88.54166666666669,60.79166666666666,64.41666666666667,67.29166666666667,32.1,65,30.9,0.0
2023-06-13,33.204166666666666,14.308333333333332,216.875,12.070833333333333,18.5375,61.29166666666666,0.25875,31.625,2.489583333333333,117.83333333333331,70.25,0,13,6,1,-31.50000000000003,149.33333333333334,60.41666666666666,59.04166666666666,31.4,64,44.0,5.4
2023-06-14,46.71666666666667,19.70833333333333,177.66666666666666,8.833333333333334,14.1875,63.75,0.3541666666666667,44.208333333333336,2.5145833333333334,60.79166666666666,42.04166666666666,0,14,6,2,-57.04166666666666,117.83333333333331,65.45833333333333,76.70833333333333,31.0,64,40.1,0.5
2023-06-15,38.275,17.620833333333334,171.5,8.416666666666666,11.9875,55.458333333333336,0.2816666666666667,33.291666666666664,1.9395833333333328,67.29166666666667,54.125,0,15,6,3,6.500000000000014,60.79166666666666,63.66666666666666,81.45833333333333,30.4,68,45.5,0.3
2023-06-16,40.48333333333333,21.166666666666668,296.875,14.558333333333332,13.483333333333334,66.29166666666667,0.3420833333333333,26.166666666666668,1.4520833333333334,59.04166666666666,37.91666666666666,0,16,6,4,-8.250000000000014,67.29166666666667,59.708333333333336,83.83333333333333,31.1,71,34.9,1.3
2023-06-17,63.02916666666667,24.991666666666664,254.58333333333331,10.3,11.65,61.04166666666666,0.6620833333333334,67.66666666666667,2.24375,76.70833333333333,59.16666666666666,0,17,6,5,17.66666666666667,59.04166666666666,65.54166666666667,77.5,30.5,81,32.1,0.0
2023-06-18,71.50833333333334,27.979166666666668,220.08333333333331,8.025,8.604166666666666,59.875,0.7145833333333332,74.08333333333333,2.10625,81.45833333333333,67.20833333333333,0,18,6,6,4.75,76.70833333333333,60.79166666666666,75.66666666666667,30.3,74,30.1,0.0
2023-06-19,71.18333333333334,26.42083333333333,206.91666666666663,7.125,8.137500000000001,62.41666666666666,0.5991666666666666,80.83333333333333,2.239583333333333,83.83333333333333,68.66666666666667,0,19,6,0,2.375,81.45833333333333,149.33333333333334,71.08333333333333,30.0,75,29.9,0.0
2023-06-20,67.47916666666667,24.229166666666668,205.375,7.1000000000000005,8.208333333333334,66.25,0.6820833333333334,79.66666666666667,2.177083333333333,77.5,67.95833333333333,0,20,6,1,-6.333333333333329,83.83333333333333,117.83333333333331,69.20833333333333,30.6,69,31.4,0.0
2023-06-21,65.55416666666666,23.316666666666663,224.83333333333331,8.420833333333333,9.5,61.208333333333336,0.7020833333333334,77.54166666666667,2.0500000000000003,75.66666666666667,66.95833333333333,0,21,6,2,-1.8333333333333286,77.5,60.79166666666666,69.08333333333333,30.6,74,30.3,1.0
2023-06-22,54.5,20.675,224.125,8.5375,9.975,57.625,0.5333333333333333,58.125,2.25,71.08333333333333,63.5,0,22,6,3,-4.583333333333343,75.66666666666667,67.29166666666667,66.875,30.2,77,29.5,2.2
2023-06-23,56.81666666666666,21.2125,210.70833333333331,7.983333333333333,9.466666666666669,55.79166666666666,0.4966666666666666,62.16666666666666,2.3208333333333333,69.20833333333333,62.708333333333336,0,23,6,4,-1.875,71.08333333333333,59.04166666666666,69.125,30.1,76,29.0,0.4
2023-06-24,51.25416666666666,20.891666666666666,221.25,8.558333333333334,10.108333333333333,53.375,0.5,46.66666666666666,2.3229166666666665,69.08333333333333,61.54166666666666,0,24,6,5,-0.125,69.20833333333333,76.70833333333333,72.58333333333333,30.1,78,27.3,1.0
2023-06-25,47.65833333333333,19.9375,252.29166666666663,9.5,11.633333333333333,58.54166666666666,0.4933333333333333,41.875,2.30625,66.875,56.04166666666666,0,25,6,6,-2.2083333333333286,69.08333333333333,81.45833333333333,74.75,30.3,79,27.2,0.5
2023-06-26,50.48333333333333,21.7125,267.7916666666667,9.433333333333334,13.425,63.04166666666666,0.6204166666666667,43.625,2.3666666666666667,69.125,58.625,0,26,6,0,2.25,66.875,83.83333333333333,63.333333333333336,30.5,77,28.3,0.8
2023-06-27,63.80833333333334,24.120833333333334,246.25,8.891666666666667,11.779166666666669,64.125,0.8208333333333333,73.95833333333333,2.029166666666667,72.58333333333333,61.41666666666666,0,27,6,1,3.4583333333333286,69.125,77.5,56.958333333333336,30.6,76,22.2,0.8
2023-06-28,58.1125,21.1375,159.91666666666666,6.666666666666667,4.366666666666666,54.875,0.8220833333333334,71.54166666666667,1.85,74.75,66.66666666666667,0,28,6,2,2.1666666666666714,72.58333333333333,75.66666666666667,69.91666666666667,30.8,76,25.7,0.0
2023-06-29,38.891666666666666,15.095833333333331,148.625,6.191666666666666,3.7875,51.66666666666666,0.82125,41.0,1.625,63.333333333333336,52.958333333333336,0,29,6,3,-11.416666666666664,74.75,71.08333333333333,79.20833333333333,31.1,73,29.4,0.3
2023-06-30,45.69166666666666,17.712500000000002,147.83333333333334,5.841666666666666,3.5,49.958333333333336,0.7354166666666666,46.79166666666666,1.70625,56.958333333333336,40.66666666666666,0,30,6,4,-6.375,63.333333333333336,69.20833333333333,77.83333333333333,30.8,73,34.7,1.0
2023-07-01,72.8125,24.804166666666664,150.875,6.491666666666667,4.016666666666667,50.5,0.79625,92.45833333333331,1.7270833333333335,69.91666666666667,61.583333333333336,0,1,7,5,12.958333333333336,56.958333333333336,69.08333333333333,80.83333333333333,30.8,74,28.0,1.1
2023-07-02,94.50416666666666,25.6,165.25,7.875,5.291666666666667,58.458333333333336,0.6541666666666667,147.45833333333334,1.95,79.20833333333333,73.70833333333333,0,2,7,6,9.291666666666657,69.91666666666667,66.875,81.20833333333333,30.7,76,22.0,0.4
2023-07-03,114.375,25.02083333333333,156.0,8.145833333333334,5.541666666666667,55.875,0.4366666666666667,212.875,2.158333333333333,77.83333333333333,81.66666666666667,0,3,7,0,-1.375,79.20833333333333,69.125,87.33333333333333,30.7,78,24.6,0.4
2023-07-04,107.65416666666664,25.89583333333333,156.25,6.6375,4.908333333333333,57.208333333333336,0.50375,193.95833333333331,2.4520833333333334,80.83333333333333,85.625,0,4,7,1,3.0,77.83333333333333,72.58333333333333,96.16666666666669,30.6,74,28.0,0.1
2023-07-05,101.9125,27.39583333333333,147.70833333333334,5.9750000000000005,4.316666666666666,64.54166666666667,0.9645833333333332,171.875,1.31875,81.20833333333333,82.41666666666667,0,5,7,2,0.375,80.83333333333333,74.75,103.0,30.9,72,25.6,0.6
2023-07-06,142.74166666666667,34.541666666666664,181.0,8.854166666666666,6.308333333333334,68.91666666666667,0.9475,259.2083333333333,1.1854166666666666,87.33333333333333,85.20833333333333,0,6,7,3,6.125,81.20833333333333,63.333333333333336,127.25,30.8,74,21.3,0.1
2023-07-07,137.5375,31.6375,190.83333333333331,10.195833333333333,6.241666666666667,62.41666666666666,0.95,257.5833333333333,1.4666666666666668,96.16666666666669,97.08333333333331,0,7,7,4,8.833333333333357,87.33333333333333,56.958333333333336,117.83333333333331,31.7,73,25.1,0.0
2023-07-08,201.79166666666663,38.95,193.75,11.008333333333333,5.716666666666666,61.91666666666666,1.3520833333333335,406.1666666666667,1.2291666666666667,103.0,104.45833333333331,0,8,7,5,6.833333333333314,96.16666666666669,69.91666666666667,87.16666666666667,31.3,73,22.4,4.0
2023-07-09,209.97916666666663,36.579166666666666,175.875,9.320833333333333,5.5,63.333333333333336,1.4695833333333332,432.5833333333333,1.2291666666666667,127.25,123.95833333333331,0,9,7,6,24.25,103.0,79.20833333333333,86.58333333333333,31.0,74,26.1,0.1
2023-07-10,142.59583333333333,29.266666666666666,144.125,6.704166666666667,4.4750000000000005,58.208333333333336,1.21875,277.9583333333333,1.6270833333333332,117.83333333333331,116.20833333333331,0,10,7,0,-9.416666666666686,127.25,77.83333333333333,82.95833333333333,31.0,67,27.9,0.0
2023-07-11,113.32916666666668,29.65416666666667,148.625,6.391666666666667,4.1875,58.875,0.8391666666666667,193.625,2.09375,87.16666666666667,89.04166666666667,0,11,7,1,-30.666666666666643,117.83333333333331,80.83333333333333,83.29166666666667,31.3,64,26.9,0.0
2023-07-12,116.82916666666668,28.075,140.04166666666666,5.8875,3.8666666666666663,56.625,0.5925,205.91666666666663,2.36875,86.58333333333333,85.25,0,12,7,2,-0.5833333333333428,87.16666666666667,81.20833333333333,83.66666666666667,31.1,65,29.4,0.0
2023-07-13,121.05833333333334,25.870833333333334,134.25,5.7875000000000005,3.85,57.25,0.5279166666666667,223.5,2.402083333333333,82.95833333333333,87.83333333333333,0,13,7,3,-3.625,86.58333333333333,87.33333333333333,91.58333333333331,31.0,67,29.8,0.1
2023-07-14,109.4125,28.77083333333333,131.08333333333334,5.591666666666666,3.9125,54.75,0.61375,184.375,2.1875,83.29166666666667,86.625,0,14,7,4,0.3333333333333428,82.95833333333333,96.16666666666669,93.625,30.8,67,29.8,0.2
2023-07-15,89.37916666666666,27.7625,127.29166666666669,5.6125,3.6375,51.458333333333336,0.9270833333333334,129.79166666666666,1.4833333333333334,83.66666666666667,79.29166666666667,0,15,7,5,0.375,83.29166666666667,103.0,82.75,30.5,69,34.3,0.0
2023-07-16,108.42916666666667,34.525,141.0,6.075,3.720833333333333,54.208333333333336,1.1891666666666667,150.66666666666666,1.35625,91.58333333333331,79.54166666666667,0,16,7,6,7.916666666666643,83.66666666666667,127.25,71.83333333333333,30.4,68,29.7,0.0
2023-07-17,97.9875,29.433333333333334,152.0,6.833333333333333,4.3875,56.0,1.0825,144.625,1.35625,93.625,81.83333333333333,0,17,7,0,2.0416666666666856,91.58333333333331,117.83333333333331,78.45833333333333,30.8,71,26.9,0.2
2023-07-18,79.39166666666667,24.34166666666667,149.33333333333334,6.775,4.4125000000000005,53.958333333333336,0.8933333333333334,114.08333333333331,1.8791666666666669,82.75,76.5,0,18,7,1,-10.875,93.625,87.16666666666667,77.875,30.2,74,30.7,0.6
2023-07-19,75.69166666666666,22.329166666666666,142.83333333333334,7.270833333333333,4.570833333333334,54.083333333333336,0.86625,110.875,1.8041666666666665,71.83333333333333,69.0,0,19,7,2,-10.916666666666671,82.75,86.58333333333333,69.375,30.1,74,29.6,0.1
2023-07-20,110.34583333333336,28.179166666666664,182.5,10.595833333333331,6.9,55.41666666666666,0.8779166666666667,186.125,1.40625,78.45833333333333,76.5,0,20,7,3,6.625,71.83333333333333,82.95833333333333,70.29166666666667,30.5,72,27.8,0.0
2023-07-21,77.78750000000001,21.0,178.20833333333334,9.55,6.145833333333333,52.16666666666666,0.6933333333333334,126.79166666666669,1.5479166666666666,77.875,78.83333333333333,0,21,7,4,-0.5833333333333286,78.45833333333333,83.29166666666667,61.66666666666666,30.4,76,26.4,4.7
2023-07-22,85.2,22.870833333333334,187.0,10.070833333333333,6.0875,59.375,0.6370833333333333,139.0,1.7958333333333334,69.375,73.04166666666667,0,22,7,5,-8.5,77.875,83.66666666666667,62.41666666666666,30.5,77,20.2,0.2
2023-07-23,41.1125,18.95,279.4166666666667,14.604166666666666,9.054166666666667,75.91666666666667,0.5625,39.625,1.0708333333333333,70.29166666666667,66.20833333333333,0,23,7,6,0.9166666666666714,69.375,91.58333333333331,76.125,30.1,82,24.4,27.5
2023-07-24,24.0,15.116666666666667,309.5,15.891666666666666,10.125,81.54166666666667,0.4358333333333333,5.625,1.1333333333333333,61.66666666666666,39.16666666666666,0,24,7,0,-8.625000000000014,70.29166666666667,93.625,71.91666666666667,28.1,89,23.9,16.4
2023-07-25,57.37083333333334,24.066666666666663,287.3333333333333,21.4125,9.0875,51.875,0.3866666666666666,59.333333333333336,2.339583333333333,62.41666666666666,42.333333333333336,0,25,7,1,0.75,61.66666666666666,82.75,65.79166666666667,28.5,85,17.1,7.0
2023-07-26,49.2125,22.508333333333336,261.4166666666667,17.425,9.5875,61.958333333333336,0.3291666666666666,42.29166666666666,2.5104166666666665,76.125,62.083333333333336,0,26,7,2,13.708333333333343,62.41666666666666,71.83333333333333,65.04166666666667,28.8,83,21.0,0.6
2023-07-27,53.0875,20.125,184.5,10.5875,4.5625,51.75,0.3304166666666666,61.04166666666666,2.4916666666666667,71.91666666666667,61.833333333333336,0,27,7,3,-4.208333333333329,76.125,78.45833333333333,72.29166666666667,28.8,83,29.3,0.9
2023-07-28,55.93333333333334,19.704166666666666,163.83333333333334,8.15,3.7916666666666665,46.5,0.4920833333333334,68.29166666666667,2.2666666666666666,65.79166666666667,60.66666666666666,0,28,7,4,-6.125,71.91666666666667,77.875,71.04166666666667,28.7,82,33.4,0.2
2023-07-29,75.26666666666667,20.40833333333333,148.95833333333334,8.633333333333335,3.7125,42.333333333333336,0.7516666666666666,116.04166666666669,1.570833333333333,65.04166666666667,65.0,0,29,7,5,-0.75,65.79166666666667,69.375,70.45833333333333,28.7,81,34.3,0.9
2023-07-30,85.98333333333333,23.104166666666668,163.79166666666666,9.8,4.0625,41.5,0.9304166666666668,138.5,1.2416666666666667,72.29166666666667,73.29166666666667,0,30,7,6,7.25,65.04166666666667,70.29166666666667,68.625,28.7,83,30.9,0.8
2023-07-31,77.63333333333334,21.4,163.875,9.4875,4.154166666666667,39.708333333333336,1.153333333333333,117.95833333333331,1.0229166666666667,71.04166666666667,72.16666666666667,0,31,7,0,-1.25,72.29166666666667,61.66666666666666,71.08333333333333,28.7,85,31.9,1.3
2023-08-01,72.02499999999999,20.725,160.83333333333334,8.770833333333334,3.9875,42.708333333333336,0.8375,108.58333333333331,1.2833333333333334,70.45833333333333,71.33333333333333,0,1,8,1,-0.5833333333333428,71.04166666666667,62.41666666666666,80.625,28.6,85,33.0,1.1
2023-08-02,68.73333333333333,21.20833333333333,157.08333333333334,7.5375,3.716666666666667,48.79166666666666,0.7825000000000001,94.375,1.4291666666666665,68.625,66.79166666666667,0,2,8,2,-1.8333333333333286,70.45833333333333,76.125,77.20833333333333,28.6,83,35.0,1.4
2023-08-03,91.36666666666667,23.95,156.79166666666666,7.529166666666666,4.0625,51.208333333333336,0.81,146.66666666666666,1.54375,71.08333333333333,70.54166666666667,0,3,8,3,2.4583333333333286,68.625,71.91666666666667,78.08333333333333,28.5,82,28.7,0.8
2023-08-04,109.07083333333333,26.754166666666663,159.625,8.529166666666667,4.495833333333334,50.958333333333336,0.7595833333333334,185.54166666666663,1.45,80.625,82.45833333333333,0,4,8,4,9.541666666666671,71.08333333333333,65.79166666666667,76.08333333333333,28.4,83,26.5,0.9
2023-08-05,108.2625,23.229166666666668,151.20833333333334,7.195833333333333,4.241666666666666,55.083333333333336,0.685,197.58333333333331,1.7104166666666665,77.20833333333333,82.66666666666667,0,5,8,5,-3.4166666666666714,80.625,65.04166666666667,76.04166666666667,28.3,82,29.7,0.9
2023-08-06,100.2875,23.48333333333333,142.0,5.845833333333334,3.3708333333333336,50.04166666666666,0.6841666666666667,173.41666666666666,1.8395833333333331,78.08333333333333,84.375,0,6,8,6,0.875,77.20833333333333,72.29166666666667,70.20833333333333,28.2,80,37.4,0.7
2023-08-07,101.7625,26.541666666666668,145.5,5.804166666666667,3.0708333333333333,48.79166666666666,0.7191666666666666,164.16666666666666,1.43125,76.08333333333333,78.0,0,7,8,0,-2.0,78.08333333333333,71.04166666666667,64.83333333333333,28.0,80,39.3,1.7
2023-08-08,66.89166666666667,21.92083333333333,139.16666666666666,6.270833333333333,3.3666666666666667,48.125,0.98875,89.58333333333333,1.3333333333333333,76.04166666666667,73.33333333333333,0,8,8,1,-0.04166666666665719,76.08333333333333,70.45833333333333,66.04166666666667,28.0,82,34.8,2.2
2023-08-09,58.833333333333336,20.058333333333334,145.45833333333334,6.504166666666666,3.5666666666666664,46.583333333333336,0.6770833333333334,74.125,1.7541666666666669,70.20833333333333,66.0,0,9,8,2,-5.833333333333343,76.04166666666667,68.625,64.875,27.9,82,35.8,0.8
2023-08-10,54.11666666666667,18.725,146.33333333333334,7.166666666666667,3.670833333333333,46.083333333333336,0.8737499999999999,64.58333333333333,1.3979166666666665,64.83333333333333,62.125,0,10,8,3,-5.375,70.20833333333333,71.08333333333333,64.33333333333333,27.8,82,36.8,1.6
2023-08-11,55.42083333333333,19.4625,138.875,7.208333333333333,3.6916666666666655,45.708333333333336,0.92625,65.83333333333333,1.1833333333333331,66.04166666666667,62.375,0,11,8,4,1.2083333333333428,64.83333333333333,80.625,63.0,27.7,82,33.6,1.3
2023-08-12,50.42083333333333,18.53333333333333,136.20833333333334,6.2250000000000005,3.3166666666666664,44.833333333333336,0.6566666666666666,55.375,1.65,64.875,61.125,0,12,8,5,-1.1666666666666714,66.04166666666667,77.20833333333333,61.708333333333336,27.6,81,38.8,0.8
2023-08-13,56.2375,18.9375,135.375,6.191666666666666,3.275,46.583333333333336,0.7354166666666666,69.66666666666667,1.6875,64.33333333333333,60.75,0,13,8,6,-0.5416666666666714,64.875,78.08333333333333,55.875,27.6,81,37.1,0.6
2023-08-14,54.30416666666667,17.6375,136.70833333333334,7.2875,3.8875,49.04166666666666,0.85875,69.70833333333333,1.5583333333333331,63.0,62.0,0,14,8,0,-1.3333333333333286,64.33333333333333,76.08333333333333,53.708333333333336,27.7,84,30.9,0.0
2023-08-15,58.35833333333333,16.229166666666668,136.375,8.125,4.758333333333334,46.29166666666666,0.8795833333333333,90.75,1.2916666666666667,61.708333333333336,63.29166666666666,0,15,8,1,-1.2916666666666643,63.0,76.04166666666667,56.16666666666666,27.6,84,24.8,0.5
2023-08-16,49.74583333333334,13.9,151.875,7.295833333333333,4.358333333333333,44.833333333333336,0.89,73.5,1.7291666666666667,55.875,61.083333333333336,0,16,8,2,-5.833333333333336,61.708333333333336,70.20833333333333,57.958333333333336,27.5,81,28.7,0.0
2023-08-17,34.02916666666667,13.7625,140.58333333333334,5.879166666666666,3.2125,39.79166666666666,0.76375,31.541666666666668,1.7645833333333334,53.708333333333336,48.208333333333336,0,17,8,3,-2.1666666666666643,55.875,64.83333333333333,58.25,27.3,77,37.9,0.2
2023-08-18,43.9125,16.258333333333333,138.54166666666666,5.75,3.108333333333333,42.75,0.4954166666666666,48.083333333333336,2.30625,56.16666666666666,38.41666666666666,0,18,8,4,2.4583333333333215,53.708333333333336,66.04166666666667,56.04166666666666,27.3,76,35.8,0.0
2023-08-19,59.07916666666667,15.691666666666668,132.25,6.354166666666667,3.5125,49.208333333333336,0.4629166666666666,91.20833333333331,2.0,57.958333333333336,51.958333333333336,0,19,8,5,1.7916666666666785,56.16666666666666,64.875,55.0,27.2,79,29.9,0.1
2023-08-20,63.86666666666667,15.329166666666666,125.91666666666669,7.316666666666666,4.0,47.0,0.5091666666666667,108.54166666666669,1.375,58.25,66.45833333333333,0,20,8,6,0.2916666666666643,57.958333333333336,64.33333333333333,57.04166666666666,27.3,79,27.1,0.0
2023-08-21,53.2375,14.479166666666666,127.79166666666669,6.466666666666666,3.6833333333333336,44.708333333333336,0.4941666666666666,84.54166666666667,2.04375,56.04166666666666,63.79166666666666,0,21,8,0,-2.208333333333343,58.25,63.0,58.208333333333336,27.4,80,32.1,0.0
2023-08-22,40.80833333333333,14.620833333333332,128.08333333333334,6.366666666666667,3.5083333333333333,41.708333333333336,0.4729166666666666,49.583333333333336,2.0395833333333333,55.0,53.16666666666666,0,22,8,1,-1.0416666666666572,56.04166666666666,61.708333333333336,62.91666666666666,27.2,80,33.6,0.6
2023-08-23,40.0,15.866666666666667,142.08333333333334,7.016666666666667,3.3000000000000003,38.5,0.6591666666666667,37.875,1.1875,57.04166666666666,39.625,0,23,8,2,2.041666666666657,55.0,55.875,60.208333333333336,26.8,81,35.1,1.9
2023-08-24,42.4625,16.654166666666665,145.5,7.633333333333333,3.525,39.958333333333336,1.195,41.16666666666666,0.7979166666666666,58.208333333333336,42.083333333333336,0,24,8,3,1.1666666666666785,57.04166666666666,53.708333333333336,58.75,26.8,85,33.9,2.0
2023-08-25,48.26666666666667,17.983333333333334,133.29166666666666,8.358333333333333,3.954166666666667,43.29166666666666,1.0254166666666666,51.66666666666666,1.0770833333333334,62.91666666666666,52.375,0,25,8,4,4.7083333333333215,58.208333333333336,56.16666666666666,60.0,26.8,84,30.7,2.1
2023-08-26,46.2625,16.383333333333333,127.54166666666669,7.816666666666666,4.041666666666667,40.875,0.9129166666666668,54.66666666666666,1.1291666666666669,60.208333333333336,53.16666666666666,0,26,8,5,-2.7083333333333215,62.91666666666666,57.958333333333336,64.125,26.7,85,30.1,2.4
2023-08-27,39.97916666666666,15.591666666666669,133.83333333333334,7.929166666666667,4.0375000000000005,39.833333333333336,0.9204166666666668,40.333333333333336,1.1479166666666667,58.75,46.208333333333336,0,27,8,6,-1.4583333333333357,60.208333333333336,58.25,58.5,26.9,83,30.4,1.0
2023-08-28,51.01666666666667,18.820833333333333,138.66666666666666,6.925,3.545833333333333,44.79166666666666,0.7066666666666667,57.5,1.7145833333333331,60.0,49.333333333333336,0,28,8,0,1.25,58.75,56.04166666666666,57.79166666666666,26.9,83,33.9,1.1
2023-08-29,42.47083333333333,16.445833333333333,148.375,7.954166666666667,4.083333333333333,43.208333333333336,0.8358333333333333,42.25,1.2166666666666666,64.125,55.583333333333336,0,29,8,1,4.125,60.0,55.0,62.333333333333336,26.9,84,29.6,0.7
2023-08-30,54.520833333333336,15.725,148.70833333333334,8.695833333333333,4.8875,46.91666666666666,0.74125,81.375,1.7958333333333334,58.5,52.25,0,30,8,2,-5.625,64.125,57.04166666666666,62.75,27.0,82,21.7,0.5
2023-08-31,72.08333333333333,16.925,140.45833333333334,8.9,5.170833333333333,45.625,0.5379166666666667,123.66666666666669,1.7458333333333331,57.79166666666666,64.41666666666667,0,31,8,3,-0.7083333333333428,58.5,58.208333333333336,64.83333333333333,27.0,81,22.9,0.2
2023-09-01,78.8875,17.979166666666668,163.33333333333334,11.120833333333332,5.879166666666666,45.91666666666666,0.4125,136.54166666666666,1.59375,62.333333333333336,70.83333333333333,0,1,9,4,4.5416666666666785,57.79166666666666,62.91666666666666,67.83333333333333,26.7,81,18.4,0.0
2023-09-02,77.6125,18.425,149.95833333333334,8.770833333333334,4.95,49.458333333333336,0.3662499999999999,131.16666666666666,2.277083333333333,62.75,71.375,0,2,9,5,0.4166666666666643,62.333333333333336,60.208333333333336,69.75,27.2,76,24.0,0.0
2023-09-03,61.895833333333336,19.4125,147.70833333333334,7.491666666666667,4.220833333333333,46.79166666666666,0.4312499999999999,86.79166666666667,1.9270833333333333,64.83333333333333,68.45833333333333,0,3,9,6,2.0833333333333286,62.75,58.75,72.41666666666667,27.4,76,27.1,0.9
2023-09-04,62.98333333333333,21.73333333333333,153.08333333333334,7.845833333333334,3.9125,45.54166666666666,0.5325,81.0,1.425,67.83333333333333,64.75,0,4,9,0,3.0,64.83333333333333,60.0,69.79166666666667,27.6,76,29.2,0.1
2023-09-05,60.74583333333334,20.54583333333333,165.0,9.441666666666666,4.779166666666667,46.5,0.4020833333333333,80.66666666666667,1.2770833333333331,69.75,64.83333333333333,0,5,9,1,1.9166666666666714,67.83333333333333,64.125,69.5,27.6,78,24.2,0.5
2023-09-06,76.97916666666667,23.48333333333333,183.875,11.866666666666667,5.966666666666666,51.75,0.2970833333333333,114.04166666666669,2.2125,72.41666666666667,66.79166666666667,0,6,9,2,2.6666666666666714,69.75,58.5,64.625,27.8,80,22.0,0.0
2023-09-07,66.2625,20.191666666666663,153.95833333333334,9.383333333333336,4.5875,50.5,0.28125,98.29166666666669,2.341666666666667,69.79166666666667,69.54166666666667,0,7,9,3,-2.625,72.41666666666667,57.79166666666666,55.375,28.2,80,25.9,0.0
2023-09-08,64.8625,21.320833333333333,157.41666666666666,8.200000000000001,4.083333333333333,50.125,0.3004166666666666,91.75,2.34375,69.5,66.33333333333333,0,8,9,4,-0.2916666666666714,69.79166666666667,62.333333333333336,57.04166666666666,28.1,81,30.8,0.0
2023-09-09,49.3625,16.108333333333334,154.91666666666666,7.725,3.9125,46.958333333333336,0.3204166666666667,68.375,2.177083333333333,64.625,63.083333333333336,0,9,9,5,-4.875,69.5,62.75,59.708333333333336,28.0,79,30.6,0.0
2023-09-10,32.77916666666667,14.170833333333334,152.16666666666666,7.337499999999999,3.766666666666667,48.41666666666666,0.2516666666666666,27.83333333333333,2.3229166666666665,55.375,43.375,0,10,9,6,-9.25,64.625,64.83333333333333,57.125,27.9,80,32.4,0.0
2023-09-11,37.204166666666666,16.070833333333333,130.08333333333334,6.791666666666667,3.6125,49.833333333333336,0.3045833333333334,29.916666666666668,2.225,57.04166666666666,35.125,0,11,9,0,1.6666666666666572,55.375,67.83333333333333,60.875,28.0,78,35.7,0.0
2023-09-12,35.725,16.150000000000002,119.16666666666669,6.504166666666666,3.5583333333333336,50.75,0.3241666666666666,25.375,2.0333333333333337,59.708333333333336,38.29166666666666,0,12,9,1,2.6666666666666785,57.04166666666666,69.75,63.583333333333336,28.0,76,31.8,0.0
2023-09-13,35.729166666666664,16.120833333333334,134.79166666666666,7.333333333333333,3.883333333333333,48.75,0.3495833333333333,25.58333333333333,1.8604166666666664,57.125,33.208333333333336,0,13,9,2,-2.5833333333333357,59.708333333333336,72.41666666666667,57.04166666666666,27.8,78,28.7,0.4
2023-09-14,40.9875,17.6375,156.625,9.05,4.883333333333334,43.125,0.3916666666666666,36.125,1.9645833333333331,60.875,38.583333333333336,0,14,9,3,3.75,57.125,69.79166666666667,64.58333333333333,27.8,81,22.3,0.1
2023-09-15,43.2625,17.349999999999998,167.33333333333334,10.666666666666666,5.879166666666666,43.66666666666666,0.41375,47.5,1.95625,63.583333333333336,49.208333333333336,0,15,9,4,2.7083333333333357,60.875,69.5,66.79166666666667,27.8,81,21.4,0.0
2023-09-16,37.7875,16.104166666666668,145.20833333333334,8.408333333333333,4.829166666666667,44.25,0.3995833333333333,36.0,1.65,57.04166666666666,37.958333333333336,0,16,9,5,-6.5416666666666785,63.583333333333336,64.625,66.58333333333333,28.5,79,22.6,0.3
2023-09-17,58.71666666666667,20.604166666666668,157.95833333333334,9.4,5.141666666666667,48.875,0.5441666666666667,73.54166666666667,1.9583333333333333,64.58333333333333,51.708333333333336,0,17,9,6,7.541666666666671,57.04166666666666,55.375,76.625,28.9,79,29.1,0.0
2023-09-18,74.40416666666667,19.64583333333333,184.75,11.254166666666668,5.375,51.29166666666666,0.69375,123.08333333333331,1.6208333333333331,66.79166666666667,66.29166666666667,0,18,9,0,2.208333333333343,64.58333333333333,57.04166666666666,75.33333333333333,29.3,80,32.0,0.0
2023-09-19,72.52499999999999,22.370833333333334,249.08333333333331,15.754166666666668,6.158333333333334,55.625,0.7245833333333334,108.66666666666669,1.4833333333333334,66.58333333333333,69.0,0,19,9,1,-0.2083333333333428,66.79166666666667,59.708333333333336,74.125,29.8,77,27.2,0.0
2023-09-20,65.76666666666667,24.0875,309.0416666666667,21.71666666666667,6.508333333333333,42.91666666666666,0.4691666666666667,82.75,0.5875,76.625,69.54166666666667,0,20,9,2,10.041666666666671,66.58333333333333,57.125,73.875,28.9,81,24.0,12.0
2023-09-21,44.425,19.904166666666665,330.3333333333333,20.6,10.154166666666669,73.04166666666667,0.3179166666666667,45.083333333333336,1.81875,75.33333333333333,59.958333333333336,0,21,9,3,-1.2916666666666714,76.625,60.875,91.66666666666669,29.5,80,21.0,3.5
2023-09-22,73.58749999999999,24.575,298.5833333333333,21.629166666666663,10.054166666666667,57.16666666666666,0.3970833333333333,105.25,1.6958333333333335,74.125,62.708333333333336,0,22,9,4,-1.2083333333333286,75.33333333333333,63.583333333333336,146.95833333333334,28.2,85,19.4,0.0
2023-09-23,92.40416666666664,24.866666666666664,199.66666666666663,13.5375,6.283333333333334,52.333333333333336,0.3604166666666666,156.29166666666666,1.8916666666666664,73.875,69.41666666666667,0,23,9,5,-0.25,74.125,57.04166666666666,171.29166666666666,29.0,83,22.5,0.0
2023-09-24,196.775,42.2,185.375,10.154166666666669,4.804166666666666,58.91666666666666,0.7866666666666666,381.2083333333333,1.4645833333333331,91.66666666666669,93.125,0,24,9,6,17.791666666666686,73.875,64.58333333333333,120.25,28.5,77,24.9,0.0
2023-09-25,294.4833333333333,70.67916666666666,232.16666666666663,13.583333333333334,5.6875,65.29166666666667,0.7120833333333333,563.8333333333334,1.4895833333333333,146.95833333333334,135.875,0,25,9,0,55.29166666666666,91.66666666666669,66.79166666666667,97.95833333333331,27.9,75,20.7,0.0
2023-09-26,229.875,61.62916666666666,496.5416666666667,29.620833333333334,11.8375,68.25,0.58875,402.5833333333333,1.6583333333333332,171.29166666666666,157.58333333333334,0,26,9,1,24.333333333333314,146.95833333333334,66.58333333333333,86.5,26.9,76,19.4,0.0
2023-09-27,139.07500000000002,37.125,298.5416666666667,20.6375,10.266666666666667,72.70833333333333,0.515,246.45833333333331,1.6854166666666668,120.25,110.95833333333331,0,27,9,2,-51.04166666666666,171.29166666666666,76.625,98.33333333333331,28.6,74,24.5,0.0
2023-09-28,86.16666666666667,29.9375,278.0416666666667,19.066666666666663,6.95,63.333333333333336,0.3670833333333334,127.54166666666669,1.85,97.95833333333331,84.70833333333333,0,28,9,3,-22.291666666666686,120.25,75.33333333333333,125.5,29.6,70,21.4,0.0
2023-09-29,104.30416666666667,29.25,252.83333333333331,15.3125,6.133333333333333,68.29166666666667,0.3633333333333333,178.29166666666666,1.8416666666666663,86.5,76.75,0,29,9,4,-11.458333333333314,97.95833333333331,74.125,92.04166666666669,28.8,78,20.4,0.0
2023-09-30,155.32083333333333,40.12083333333333,373.625,24.166666666666668,8.762500000000001,74.70833333333333,0.3366666666666666,279.4166666666667,1.8770833333333328,98.33333333333331,91.5,0,30,9,5,11.833333333333314,86.5,73.875,70.45833333333333,30.4,58,26.7,0.0
2023-10-01,130.99583333333334,41.45,441.2916666666667,24.704166666666666,13.983333333333334,96.83333333333331,0.3208333333333333,203.16666666666663,1.85,125.5,103.54166666666669,0,1,10,6,27.166666666666686,98.33333333333331,91.66666666666669,68.16666666666667,29.9,44,22.4,0.0
2023-10-02,79.1125,25.016666666666666,336.7083333333333,22.275,7.720833333333334,74.5,0.2616666666666666,122.33333333333331,1.9020833333333331,92.04166666666669,79.04166666666667,0,2,10,0,-33.458333333333314,125.5,146.95833333333334,72.04166666666667,28.6,67,24.3,0.0
2023-10-03,56.55,19.54583333333333,238.0,16.3875,6.404166666666666,57.66666666666666,0.29875,72.375,1.8583333333333332,70.45833333333333,65.875,0,3,10,1,-21.583333333333357,92.04166666666669,171.29166666666666,79.0,28.3,84,25.0,0.0
2023-10-04,60.17083333333333,21.96666666666667,220.04166666666663,14.25,6.0,62.0,0.3270833333333333,66.16666666666667,1.8208333333333333,68.16666666666667,63.0,0,4,10,2,-2.291666666666657,70.45833333333333,120.25,81.25,28.6,81,23.4,0.0
2023-10-05,66.71249999999999,23.816666666666663,205.41666666666663,10.195833333333333,5.4625,73.29166666666667,0.3833333333333333,73.58333333333333,1.7104166666666665,72.04166666666667,65.0,0,5,10,3,3.875,68.16666666666667,97.95833333333331,79.70833333333333,28.8,77,24.5,0.0
2023-10-06,73.5625,26.85833333333333,194.95833333333331,8.450000000000001,4.429166666666666,70.04166666666667,0.41875,80.33333333333333,1.5854166666666665,79.0,68.29166666666667,0,6,10,4,6.958333333333329,72.04166666666667,86.5,85.0,28.9,73,26.9,0.0
2023-10-07,67.6,25.02916666666667,194.83333333333331,9.141666666666667,4.1625,65.375,0.4816666666666667,72.04166666666667,1.2145833333333331,81.25,68.41666666666667,0,7,10,5,2.25,79.0,98.33333333333331,75.70833333333333,28.8,74,26.5,0.3
2023-10-08,110.63333333333334,28.95833333333333,187.08333333333331,9.445833333333333,4.258333333333334,61.75,0.5770833333333333,179.58333333333334,1.0145833333333334,79.70833333333333,73.25,0,8,10,6,-1.5416666666666714,81.25,125.5,67.125,29.0,77,27.2,0.9
2023-10-09,99.89583333333331,26.40416666666667,172.58333333333334,8.054166666666667,3.820833333333333,62.75,0.39625,161.91666666666666,1.5708333333333335,85.0,84.16666666666667,0,9,10,0,5.291666666666671,79.70833333333333,92.04166666666669,62.29166666666666,29.0,78,30.6,0.0
2023-10-10,83.30416666666666,21.95,185.875,9.383333333333333,4.129166666666666,59.708333333333336,0.3429166666666667,134.375,1.55,75.70833333333333,76.79166666666667,0,10,10,1,-9.291666666666671,85.0,70.45833333333333,66.625,28.8,77,29.6,0.0
2023-10-11,55.4375,17.591666666666665,225.25,13.145833333333334,5.883333333333333,56.208333333333336,0.3466666666666667,75.83333333333333,1.6166666666666665,67.125,67.91666666666667,0,11,10,2,-8.583333333333329,75.70833333333333,68.16666666666667,67.29166666666667,28.7,79,22.1,0.0
2023-10-12,58.85833333333333,18.8375,221.29166666666663,12.7875,6.041666666666667,55.583333333333336,0.26625,79.54166666666667,1.7458333333333331,62.29166666666666,62.458333333333336,0,12,10,3,-4.833333333333343,67.125,72.04166666666667,75.125,28.4,78,22.2,0.0
2023-10-13,61.62916666666666,19.8125,219.875,13.0,5.9125000000000005,56.208333333333336,0.2262499999999999,83.20833333333333,1.7208333333333332,66.625,64.75,0,13,10,4,4.333333333333343,62.29166666666666,79.0,87.5,28.3,75,21.2,0.0
2023-10-14,58.85833333333334,20.954166666666666,196.54166666666663,11.529166666666669,4.870833333333334,55.16666666666666,0.26875,71.25,1.7125,67.29166666666667,63.708333333333336,0,14,10,5,0.6666666666666714,66.625,81.25,72.08333333333333,28.2,73,24.5,0.0
2023-10-15,102.725,29.35,181.625,10.0375,4.083333333333333,54.0,0.5704166666666667,162.54166666666666,1.0583333333333331,75.125,70.125,0,15,10,6,7.833333333333329,67.29166666666667,79.70833333333333,80.16666666666667,28.9,71,26.2,0.3
2023-10-16,71.15833333333333,25.625,181.20833333333331,9.633333333333333,3.85,58.25,0.7033333333333333,84.04166666666667,1.1416666666666668,87.5,78.08333333333333,0,16,10,0,12.375,75.125,85.0,115.25,27.9,75,29.7,1.2
2023-10-17,60.79166666666666,21.379166666666663,213.66666666666663,12.179166666666667,4.691666666666666,60.125,0.4504166666666667,74.41666666666667,1.4083333333333332,72.08333333333333,64.75,0,17,10,1,-15.416666666666671,87.5,75.70833333333333,100.20833333333331,28.0,76,24.3,0.9
2023-10-18,68.08333333333333,33.59166666666667,511.8333333333333,32.61666666666667,12.520833333333334,65.54166666666667,0.45875,50.5,1.5145833333333334,80.16666666666667,65.25,0,18,10,2,8.083333333333343,72.08333333333333,67.125,82.54166666666667,28.6,67,21.3,0.0
2023-10-19,89.58749999999999,43.59166666666667,661.375,40.05416666666667,12.133333333333333,76.70833333333333,0.3891666666666666,64.0,1.5020833333333332,115.25,73.33333333333333,0,19,10,3,35.08333333333333,80.16666666666667,62.29166666666666,85.875,27.8,69,20.8,0.0
2023-10-20,60.49583333333334,27.92083333333333,331.625,18.925,7.358333333333333,66.58333333333333,0.3395833333333333,49.29166666666666,1.5875,100.20833333333331,70.625,0,20,10,4,-15.041666666666686,115.25,66.625,86.29166666666667,28.2,78,19.4,0.0
2023-10-21,65.25416666666666,28.95,429.3333333333333,28.0875,10.4125,61.583333333333336,0.2799999999999999,58.5,1.60625,82.54166666666667,64.125,0,21,10,5,-17.666666666666643,100.20833333333331,67.29166666666667,92.29166666666669,28.5,75,17.1,0.0
2023-10-22,73.13333333333334,27.883333333333336,397.75,27.0125,7.524999999999999,50.0,0.2666666666666666,82.875,1.5229166666666665,85.875,67.75,0,22,10,6,3.3333333333333286,82.54166666666667,75.125,89.75,27.8,80,21.2,0.0
2023-10-23,65.45416666666667,30.42083333333333,445.4166666666667,28.84583333333333,10.158333333333331,62.75,0.3304166666666666,54.54166666666666,1.4479166666666667,86.29166666666667,67.83333333333333,0,23,10,0,0.4166666666666714,85.875,87.5,85.125,28.0,79,18.9,0.0
2023-10-24,64.94166666666666,31.766666666666666,412.4166666666667,26.40833333333333,9.75,61.875,0.3075,48.29166666666666,1.4270833333333333,92.29166666666669,66.25,0,24,10,1,6.000000000000014,86.29166666666667,72.08333333333333,86.41666666666667,28.0,77,19.2,0.0
2023-10-25,61.225,29.0375,437.7083333333333,25.704166666666666,7.654166666666666,57.66666666666666,0.2745833333333333,47.0,1.4375,89.75,65.45833333333333,0,25,10,2,-2.5416666666666856,92.29166666666669,80.16666666666667,89.95833333333333,28.5,76,18.5,0.0
2023-10-26,58.5625,28.3,407.2083333333333,25.27916666666667,7.45,57.625,0.25875,42.41666666666666,1.5020833333333332,85.125,63.958333333333336,0,26,10,3,-4.625,89.75,115.25,90.625,28.2,75,21.7,0.0
2023-10-27,59.333333333333336,30.84583333333333,324.0416666666667,19.54583333333333,5.966666666666666,63.79166666666666,0.33625,27.45833333333333,1.38125,86.41666666666667,63.375,0,27,10,4,1.2916666666666714,85.125,100.20833333333331,85.41666666666667,28.2,77,21.3,0.0
2023-10-28,63.74583333333334,29.775,339.0416666666667,21.96666666666667,8.975,69.125,0.3791666666666666,44.25,1.2625,89.95833333333333,65.0,0,28,10,5,3.541666666666657,86.41666666666667,82.54166666666667,77.75,28.5,74,21.6,0.6
2023-10-29,58.82083333333333,28.27083333333333,439.5416666666667,30.60833333333333,11.458333333333334,70.5,0.3295833333333333,44.208333333333336,1.35,90.625,65.79166666666667,0,29,10,6,0.6666666666666714,89.95833333333333,85.875,87.04166666666667,27.6,75,18.0,0.0
2023-10-30,44.61666666666667,23.329166666666666,393.75,24.683333333333334,9.166666666666666,81.45833333333333,0.3183333333333333,21.95833333333333,1.30625,85.41666666666667,60.708333333333336,0,30,10,0,-5.208333333333329,90.625,86.29166666666667,117.45833333333331,28.4,64,18.0,0.0
2023-10-31,47.15416666666667,26.10833333333333,460.75,30.7125,12.479166666666666,82.70833333333333,0.3220833333333333,15.041666666666666,1.2,77.75,56.66666666666666,0,31,10,1,-7.666666666666671,85.41666666666667,92.29166666666669,106.75,29.6,38,18.4,0.0
2023-11-01,57.13333333333333,32.72083333333333,565.2083333333334,35.333333333333336,13.4,84.0,0.41875,11.125,1.11875,87.04166666666667,63.0,0,1,11,2,9.291666666666671,77.75,89.75,101.75,29.9,30,19.8,0.0
2023-11-02,71.03333333333333,40.74166666666667,609.125,30.40833333333333,15.354166666666666,101.54166666666669,0.4287499999999999,10.625,1.23125,117.45833333333331,71.875,0,2,11,3,30.416666666666643,87.04166666666667,85.125,104.16666666666669,29.3,36,25.5,0.0
2023-11-03,67.06666666666666,36.44583333333333,427.1666666666667,23.354166666666668,7.104166666666667,86.33333333333333,0.3925,16.166666666666668,1.2645833333333334,106.75,70.54166666666667,0,3,11,4,-10.708333333333314,117.45833333333331,86.41666666666667,94.95833333333331,28.9,58,25.6,0.0
2023-11-04,68.39999999999999,38.425,415.625,23.354166666666668,6.791666666666667,76.83333333333333,0.3895833333333333,12.416666666666666,1.2375,101.75,68.91666666666667,0,4,11,5,-5.0,106.75,89.95833333333333,118.16666666666669,28.0,76,21.6,0.0
2023-11-05,60.19583333333333,33.0625,500.25,28.52916666666667,8.120833333333334,74.66666666666667,0.37875,20.75,1.2604166666666667,104.16666666666669,69.75,0,5,11,6,2.4166666666666856,101.75,90.625,151.66666666666666,28.0,72,15.6,0.0
2023-11-06,71.37916666666666,37.9125,505.375,23.89583333333333,12.433333333333332,91.29166666666669,0.4825,23.70833333333333,1.15625,94.95833333333331,65.79166666666667,0,6,11,0,-9.208333333333371,104.16666666666669,85.41666666666667,151.58333333333334,28.3,58,17.9,0.0
2023-11-07,86.45,49.975,780.0833333333334,41.91666666666666,16.608333333333334,76.16666666666667,0.6720833333333333,13.583333333333334,0.9666666666666668,118.16666666666669,74.20833333333333,0,7,11,1,23.20833333333337,94.95833333333331,77.75,120.95833333333331,28.3,44,18.0,0.0
2023-11-08,104.60833333333332,61.1625,885.2916666666666,44.69583333333333,18.9,65.04166666666667,0.69875,11.833333333333334,0.8875000000000001,151.66666666666666,88.625,0,8,11,2,33.49999999999997,118.16666666666669,87.04166666666667,75.54166666666667,27.5,49,16.0,0.0
2023-11-09,98.0875,56.395833333333336,616.0416666666666,26.745833333333334,13.0,101.375,0.5541666666666667,8.208333333333334,1.0729166666666667,151.58333333333334,86.66666666666667,0,9,11,3,-0.08333333333331439,151.66666666666666,117.45833333333331,79.375,27.5,62,23.5,0.0
2023-11-10,62.958333333333336,29.0375,495.3333333333333,29.779166666666665,10.029166666666669,68.91666666666667,0.2070833333333333,47.708333333333336,1.3166666666666669,120.95833333333331,75.375,0,10,11,4,-30.62500000000003,151.58333333333334,106.75,96.58333333333331,27.7,51,16.8,0.0
2023-11-11,34.94583333333333,22.15,451.2916666666667,24.266666666666666,13.208333333333334,72.0,0.12125,4.791666666666667,1.3125,75.54166666666667,58.583333333333336,0,11,11,5,-45.41666666666664,120.95833333333331,101.75,92.08333333333331,25.9,35,17.3,0.0
2023-11-12,41.10833333333333,26.85833333333333,579.5416666666666,30.554166666666664,22.504166666666663,81.125,0.1229166666666666,3.083333333333333,1.3333333333333333,79.375,55.25,0,12,11,6,3.8333333333333286,75.54166666666667,104.16666666666669,82.16666666666667,25.2,44,19.1,0.0
2023-11-13,54.04583333333333,34.1,772.9166666666666,43.80416666666667,20.54583333333333,73.66666666666667,0.1808333333333333,4.416666666666667,1.0333333333333334,96.58333333333331,66.125,0,13,11,0,17.208333333333314,79.375,94.95833333333331,122.33333333333331,24.5,57,16.3,0.0
2023-11-14,41.9875,27.179166666666664,570.5833333333334,32.09166666666667,16.858333333333334,66.16666666666667,0.16,4.166666666666667,1.2229166666666669,92.08333333333331,65.41666666666667,0,14,11,1,-4.5,96.58333333333331,118.16666666666669,127.625,25.8,42,21.5,0.0
2023-11-15,53.74166666666667,36.40416666666667,451.2916666666667,15.208333333333334,13.858333333333334,102.75,0.2841666666666667,1.5833333333333333,1.1583333333333334,82.16666666666667,59.833333333333336,0,15,11,2,-9.916666666666643,92.08333333333331,151.66666666666666,132.29166666666666,25.7,35,25.3,0.0
2023-11-16,72.93333333333334,49.020833333333336,529.9583333333334,18.004166666666666,17.154166666666665,103.20833333333331,0.4129166666666666,2.208333333333333,1.0375,122.33333333333331,75.5,0,16,11,3,40.16666666666664,82.16666666666667,151.58333333333334,168.75,25.3,33,19.2,0.0
2023-11-17,60.6,40.77916666666667,499.0416666666667,18.291666666666668,14.2375,96.625,0.3633333333333333,1.625,0.9708333333333332,127.625,77.16666666666667,0,17,11,4,5.291666666666686,122.33333333333331,120.95833333333331,172.125,24.8,33,26.0,0.0
2023-11-18,114.80416666666667,75.42916666666666,733.5833333333334,29.175,17.75,94.25,0.695,4.625,0.8666666666666667,132.29166666666666,80.5,0,18,11,5,4.666666666666657,127.625,75.54166666666667,162.20833333333334,24.5,31,17.9,0.0
2023-11-19,150.23749999999998,97.7375,738.3333333333334,25.016666666666666,17.933333333333334,96.5,0.6983333333333334,6.166666666666667,0.8791666666666668,168.75,112.875,0,19,11,6,36.45833333333334,132.29166666666666,79.375,156.5,24.4,36,14.5,0.0
2023-11-20,131.475,87.15416666666665,663.75,14.970833333333331,15.220833333333331,120.875,0.5625,4.125,1.0166666666666666,172.125,118.29166666666669,0,20,11,0,3.375,168.75,96.58333333333331,149.83333333333334,25.3,35,25.6,0.0
2023-11-21,110.37083333333334,74.0125,645.7083333333334,14.708333333333334,18.0875,119.95833333333331,0.5304166666666666,2.958333333333333,0.9479166666666666,162.20833333333334,103.04166666666669,0,21,11,1,-9.916666666666657,172.125,92.08333333333331,124.0,25.9,33,24.9,0.0
2023-11-22,96.88333333333333,63.8,685.7916666666666,24.21666666666667,18.52083333333333,105.66666666666669,0.4058333333333333,5.041666666666667,1.0041666666666669,156.5,94.41666666666669,0,22,11,2,-5.708333333333343,162.20833333333334,82.16666666666667,142.70833333333334,24.1,45,19.5,0.0
2023-11-23,89.44583333333333,46.9375,698.5,31.05,20.679166666666667,107.45833333333331,0.4504166666666667,37.208333333333336,0.9958333333333336,149.83333333333334,84.70833333333333,0,23,11,3,-6.666666666666657,156.5,122.33333333333331,151.375,25.9,66,17.6,0.0
2023-11-24,83.16666666666667,46.19583333333333,699.2083333333334,26.21666666666667,19.6,85.58333333333333,0.4333333333333333,33.708333333333336,0.9979166666666668,124.0,76.125,0,24,11,4,-25.833333333333343,149.83333333333334,127.625,133.33333333333334,25.6,61,23.2,0.0
2023-11-25,84.075,55.9125,588.2083333333334,11.870833333333332,16.791666666666668,112.16666666666669,0.69625,2.1666666666666665,0.8458333333333333,142.70833333333334,82.20833333333333,0,25,11,5,18.708333333333343,124.0,132.29166666666666,149.58333333333334,26.6,38,29.3,0.0
2023-11-26,85.80833333333334,55.8625,449.75,15.066666666666668,11.554166666666667,99.70833333333331,0.925,4.75,0.6729166666666666,151.375,86.625,0,26,11,6,8.666666666666657,142.70833333333334,168.75,152.75,22.0,59,33.2,3.8
2023-11-27,80.10833333333333,52.92916666666667,596.25,19.841666666666665,16.004166666666666,86.54166666666667,0.6908333333333333,3.75,0.71875,133.33333333333334,79.125,0,27,11,0,-18.041666666666657,151.375,172.125,140.91666666666666,20.7,65,21.2,0.0
2023-11-28,88.36666666666667,59.40416666666667,677.4166666666666,19.541666666666668,19.23333333333333,101.54166666666669,0.5816666666666667,2.375,0.7979166666666666,149.58333333333334,84.91666666666667,0,28,11,1,16.25,133.33333333333334,162.20833333333334,131.875,21.1,58,20.0,0.0
2023-11-29,81.61666666666666,55.0375,676.7083333333334,22.383333333333336,19.5,94.70833333333331,0.4591666666666666,2.1666666666666665,0.9145833333333332,152.75,88.75,0,29,11,2,3.166666666666657,149.58333333333334,156.5,102.54166666666669,21.0,56,20.5,0.0
2023-11-30,81.79583333333333,53.12083333333334,933.0416666666666,41.708333333333336,20.954166666666666,73.20833333333333,0.5404166666666667,8.125,0.8645833333333334,140.91666666666666,81.375,0,30,11,3,-11.833333333333343,152.75,149.83333333333334,117.625,21.6,61,15.3,0.0
2023-12-01,54.45,37.016666666666666,708.4166666666666,34.55833333333333,16.766666666666666,72.08333333333333,0.33375,1.7083333333333333,0.9395833333333332,131.875,78.58333333333333,0,1,12,4,-9.041666666666657,140.91666666666666,124.0,104.75,22.7,52,15.1,0.0
2023-12-02,60.6875,40.53333333333333,492.3333333333333,13.4375,13.695833333333333,87.375,0.31875,1.625,0.96875,102.54166666666669,69.16666666666667,0,2,12,5,-29.333333333333314,131.875,142.70833333333334,97.91666666666669,22.6,49,24.7,0.0
2023-12-03,58.12083333333333,39.05833333333333,537.2916666666666,14.725,16.308333333333334,90.33333333333331,0.2504166666666667,2.0,1.0020833333333334,117.625,74.04166666666667,0,3,12,6,15.083333333333314,102.54166666666669,151.375,83.91666666666667,22.5,50,23.6,0.0
2023-12-04,59.025,38.875,534.6666666666666,17.9375,18.316666666666663,86.5,0.2520833333333333,3.8333333333333335,0.9625,104.75,70.0,0,4,12,0,-12.875,117.625,133.33333333333334,78.75,22.0,51,15.1,0.0
2023-12-05,45.8375,29.666666666666668,515.625,19.48333333333333,15.8875,82.08333333333333,0.18375,3.7916666666666665,0.9604166666666668,97.91666666666669,67.54166666666667,0,5,12,1,-6.833333333333314,104.75,149.58333333333334,91.125,21.7,47,20.7,0.0
2023-12-06,38.391666666666666,25.491666666666664,469.9583333333333,16.691666666666666,13.370833333333332,85.0,0.1666666666666666,1.4166666666666667,1.0125,83.91666666666667,62.41666666666666,0,6,12,2,-14.000000000000014,97.91666666666669,152.75,77.70833333333333,21.5,43,23.9,0.0
2023-12-07,41.1,27.991666666666664,492.875,17.791666666666668,14.5625,90.16666666666669,0.1958333333333333,1.0,0.98125,78.75,60.04166666666666,0,7,12,3,-5.166666666666671,83.91666666666667,140.91666666666666,95.375,21.6,40,21.7,0.0
2023-12-08,42.175,28.27083333333333,600.2083333333334,27.4875,20.29583333333333,86.58333333333333,0.1566666666666666,1.5,0.9979166666666668,91.125,63.625,0,8,12,4,12.375,78.75,131.875,93.125,20.8,54,18.3,0.0
2023-12-09,54.2,22.229166666666668,520.2083333333334,34.704166666666666,12.833333333333334,63.833333333333336,0.125,52.91666666666666,1.04375,77.70833333333333,60.79166666666666,0,9,12,5,-13.416666666666671,91.125,102.54166666666669,81.125,22.2,72,18.8,0.0
2023-12-10,70.74583333333334,39.93333333333333,777.5833333333334,40.21666666666667,32.020833333333336,79.79166666666667,0.26,23.791666666666668,0.9541666666666666,95.375,66.5,0,10,12,6,17.66666666666667,77.70833333333333,117.625,99.25,20.9,62,13.8,0.0
2023-12-11,46.42083333333333,22.85,516.75,33.112500000000004,11.508333333333333,57.708333333333336,0.1266666666666666,28.166666666666668,1.0,93.125,65.08333333333333,0,11,12,0,-2.25,95.375,104.75,97.58333333333331,21.1,78,18.5,0.0
2023-12-12,62.625,31.73333333333333,638.125,43.0875,23.72083333333333,68.04166666666667,0.1908333333333333,33.166666666666664,1.0020833333333334,81.125,59.583333333333336,0,12,12,1,-12.0,93.125,97.91666666666669,95.70833333333331,21.5,70,12.0,0.0
2023-12-13,59.39166666666667,34.6625,528.125,21.3125,22.9125,82.45833333333333,0.2091666666666667,7.25,0.9395833333333332,99.25,68.0,0,13,12,2,18.125,81.125,83.91666666666667,108.375,22.2,46,16.5,0.0
2023-12-14,63.13333333333333,35.03333333333333,643.3333333333334,28.7875,22.45,80.54166666666667,0.2125,4.333333333333333,0.96875,97.58333333333331,67.5,0,14,12,3,-1.6666666666666856,99.25,78.75,107.54166666666669,21.3,47,14.5,0.0
2023-12-15,55.88333333333333,32.96666666666667,601.875,33.38333333333333,25.329166666666666,84.70833333333333,0.2445833333333333,2.6666666666666665,0.9625,95.70833333333331,66.08333333333333,0,15,12,4,-1.875,97.58333333333331,91.125,97.20833333333331,21.0,47,12.6,0.0
2023-12-16,64.60416666666667,39.55,727.5416666666666,40.7,18.379166666666663,73.04166666666667,0.2895833333333333,8.125,0.9791666666666666,108.375,71.0,0,16,12,5,12.666666666666686,95.70833333333331,77.70833333333333,100.5,21.2,62,18.2,0.0
2023-12-17,74.42083333333333,40.391666666666666,625.25,29.475,21.258333333333333,81.95833333333333,0.3083333333333333,30.125,0.9395833333333332,107.54166666666669,70.41666666666667,0,17,12,6,-0.8333333333333144,108.375,95.375,89.33333333333333,21.4,57,19.0,0.0
2023-12-18,49.41666666666666,29.73333333333333,467.5,12.416666666666666,16.541666666666668,92.54166666666669,0.21375,11.333333333333334,0.9604166666666668,97.20833333333331,67.16666666666667,0,18,12,0,-10.333333333333371,107.54166666666669,93.125,80.58333333333333,21.2,36,30.8,0.0
2023-12-19,54.40416666666667,34.5375,541.0,15.0125,20.258333333333333,101.16666666666669,0.2241666666666666,5.75,1.0041666666666669,100.5,68.5,0,19,12,1,3.2916666666666856,97.20833333333331,81.125,76.95833333333333,21.0,34,28.5,0.0
2023-12-20,43.03333333333333,27.891666666666666,499.0,18.05,19.404166666666665,95.83333333333331,0.2058333333333333,3.0,1.0,89.33333333333333,64.20833333333333,0,20,12,2,-11.166666666666671,100.5,99.25,68.33333333333333,20.7,33,20.1,0.0
2023-12-21,34.15833333333333,23.15,530.5416666666666,24.579166666666666,21.40416666666667,88.33333333333333,0.2058333333333333,0.7083333333333334,0.9875,80.58333333333333,59.16666666666666,0,21,12,3,-8.75,89.33333333333333,97.58333333333331,98.29166666666669,20.5,36,15.0,0.0
2023-12-22,34.75,23.875,607.7916666666666,29.575,19.1,83.33333333333333,0.1754166666666666,0.125,0.96875,76.95833333333333,56.583333333333336,0,22,12,4,-3.625,80.58333333333333,95.70833333333331,121.20833333333331,22.0,34,18.6,0.0
2023-12-23,32.63333333333333,22.28333333333333,444.0416666666667,17.95,16.091666666666665,84.625,0.135,0.125,1.0458333333333332,68.33333333333333,47.25,0,23,12,5,-8.625,76.95833333333333,108.375,149.375,21.6,32,20.9,0.0
2023-12-24,66.54166666666667,45.85833333333333,658.0416666666666,11.1625,22.0625,122.45833333333331,0.2579166666666667,0.0,0.9666666666666668,98.29166666666669,65.91666666666667,0,24,12,6,29.958333333333357,68.33333333333333,107.54166666666669,115.41666666666669,22.7,34,27.8,0.0
2023-12-25,67.19166666666666,45.40416666666667,730.9583333333334,29.370833333333334,24.17083333333333,105.04166666666669,0.3429166666666667,0.4583333333333333,0.9020833333333332,121.20833333333331,75.0,0,25,12,0,22.91666666666663,98.29166666666669,97.20833333333331,124.75,22.1,39,22.2,0.0
2023-12-26,78.59583333333333,52.55416666666667,929.1666666666666,32.37916666666667,22.53333333333333,101.95833333333331,0.2595833333333333,0.2916666666666667,0.9625,149.375,86.08333333333333,0,26,12,1,28.166666666666686,121.20833333333331,100.5,107.95833333333331,19.9,59,16.6,0.0
2023-12-27,56.575,37.31666666666667,739.9583333333334,26.891666666666666,21.320833333333333,94.875,0.23375,1.5,0.9208333333333334,115.41666666666669,71.25,0,27,12,2,-33.958333333333314,149.375,89.33333333333333,82.20833333333333,21.6,51,23.7,0.0
2023-12-28,71.42083333333333,46.79166666666666,592.4583333333334,17.333333333333332,22.77083333333333,115.5,0.26,1.2083333333333333,0.8916666666666666,124.75,76.29166666666667,0,28,12,3,9.333333333333314,115.41666666666669,80.58333333333333,103.58333333333331,21.6,42,23.6,0.0
2023-12-29,43.65833333333333,28.8875,510.9583333333333,20.4,17.079166666666666,98.70833333333331,0.1366666666666667,1.5416666666666667,1.06875,107.95833333333331,70.625,0,29,12,4,-16.791666666666686,124.75,76.95833333333333,114.58333333333331,21.4,42,15.5,0.0
2023-12-30,45.74166666666667,30.075,488.125,15.391666666666666,13.558333333333332,103.16666666666669,0.1891666666666666,4.041666666666667,0.9833333333333334,82.20833333333333,61.66666666666666,0,30,12,5,-25.749999999999986,107.95833333333331,68.33333333333333,107.41666666666669,21.8,39,21.4,0.0
2023-12-31,62.95416666666667,40.69166666666667,570.3333333333334,15.883333333333333,19.1375,108.875,0.2591666666666667,6.0,0.9395833333333332,103.58333333333331,69.5,0,31,12,6,21.374999999999986,82.20833333333333,98.29166666666669,122.5,20.7,44,20.2,0.0
2024-01-01,57.59166666666667,38.55833333333333,679.0416666666666,17.279166666666665,22.1625,111.70833333333331,0.2529166666666667,3.1666666666666665,0.94375,114.58333333333331,73.08333333333333,0,1,1,0,11.0,103.58333333333331,121.20833333333331,104.54166666666669,20.2,49,15.0,0.0
2024-01-02,60.1,40.3875,898.75,34.666666666666664,26.14583333333333,107.25,0.34125,3.9583333333333335,0.9604166666666668,107.41666666666669,68.375,0,2,1,1,-7.166666666666629,114.58333333333331,149.375,131.0,19.6,64,21.8,0.0
2024-01-03,64.1125,40.725,677.5416666666666,28.08333333333333,21.95,96.58333333333331,0.4270833333333333,9.291666666666666,0.9479166666666666,122.5,75.5,0,3,1,2,15.083333333333314,107.41666666666669,115.41666666666669,140.95833333333334,20.8,55,16.7,0.0
2024-01-04,61.87083333333334,38.766666666666666,495.8333333333333,16.5,15.966666666666669,106.29166666666669,0.3758333333333333,7.5,0.9666666666666668,104.54166666666669,69.33333333333333,0,4,1,3,-17.958333333333314,122.5,124.75,126.875,19.9,45,19.1,0.0
2024-01-05,90.03750000000001,53.9375,642.0,21.820833333333336,19.754166666666663,100.95833333333331,0.5079166666666667,16.541666666666668,0.8770833333333333,131.0,78.29166666666667,0,5,1,4,26.458333333333314,104.54166666666669,107.95833333333331,116.875,19.3,52,17.3,0.0
2024-01-06,76.74166666666666,47.5375,633.2083333333334,14.195833333333333,18.45833333333333,106.875,0.4312499999999999,11.291666666666666,0.8854166666666666,140.95833333333334,81.41666666666667,0,6,1,5,9.958333333333343,131.0,82.20833333333333,115.16666666666669,19.7,53,22.6,0.0
2024-01-07,66.77083333333333,43.47916666666666,692.125,12.95,20.591666666666665,111.20833333333331,0.265,5.5,0.9520833333333334,126.875,76.95833333333333,0,7,1,6,-14.083333333333343,140.95833333333334,103.58333333333331,106.91666666666669,19.1,52,22.1,0.0
2024-01-08,67.23333333333333,44.3625,914.125,28.916666666666668,22.2625,104.375,0.32875,4.833333333333333,0.9333333333333332,116.875,73.79166666666667,0,8,1,0,-10.0,126.875,114.58333333333331,92.54166666666669,19.2,55,17.9,0.0
2024-01-09,58.90833333333333,37.12083333333333,622.9583333333334,13.804166666666667,16.679166666666667,103.375,0.2791666666666667,10.458333333333334,1.0208333333333333,115.16666666666669,73.20833333333333,0,9,1,1,-1.7083333333333144,116.875,107.41666666666669,104.0,19.0,48,27.8,0.0
2024-01-10,56.46666666666667,37.125,656.5,18.8625,19.7,101.83333333333331,0.1741666666666666,4.916666666666667,1.0520833333333333,106.91666666666669,70.58333333333333,0,10,1,2,-8.25,115.16666666666669,122.5,113.33333333333331,18.3,46,18.7,0.0
2024-01-11,50.4875,33.208333333333336,842.875,36.54166666666666,22.67083333333333,74.875,0.1158333333333333,3.8333333333333335,1.1125,92.54166666666669,65.41666666666667,0,11,1,3,-14.375,106.91666666666669,104.54166666666669,77.45833333333333,17.8,50,13.0,0.0
2024-01-12,55.1375,37.0125,866.375,54.25,27.95,59.41666666666666,0.13,2.0,1.1604166666666669,104.0,69.70833333333333,0,12,1,4,11.458333333333314,92.54166666666669,131.0,132.83333333333334,18.4,50,16.9,0.0
2024-01-13,53.76666666666667,34.0125,840.0416666666666,49.00833333333333,13.920833333333334,52.625,0.1358333333333333,7.166666666666667,1.1770833333333333,113.33333333333331,72.75,0,13,1,5,9.333333333333314,104.0,140.95833333333334,102.79166666666669,18.4,76,17.8,0.0
2024-01-14,60.12083333333334,29.633333333333336,662.875,41.17083333333333,14.5375,71.70833333333333,0.2429166666666666,36.29166666666666,1.125,77.45833333333333,57.66666666666666,0,14,1,6,-35.874999999999986,113.33333333333331,126.875,95.25,20.5,80,17.3,0.0
2024-01-15,99.8,54.84583333333333,819.875,35.49166666666667,18.8875,80.83333333333333,0.3979166666666667,41.708333333333336,1.00625,132.83333333333334,79.66666666666667,0,15,1,0,55.375000000000014,77.45833333333333,116.875,148.29166666666666,19.5,72,17.9,0.0
2024-01-16,67.37083333333334,25.308333333333334,438.4166666666667,28.729166666666668,7.266666666666667,66.41666666666667,0.245,69.0,1.0270833333333331,102.79166666666669,71.75,0,16,1,1,-30.041666666666657,132.83333333333334,115.16666666666669,147.625,22.2,78,21.1,0.0
2024-01-17,88.85000000000001,46.775,687.2916666666666,31.675,20.2375,80.16666666666667,0.4120833333333333,41.04166666666666,0.9729166666666664,95.25,71.625,0,17,1,2,-7.541666666666686,102.79166666666669,106.91666666666669,155.375,22.1,58,19.0,0.0
2024-01-18,96.69583333333333,61.11666666666667,871.4166666666666,26.120833333333334,25.975,111.95833333333331,0.4575,14.458333333333334,0.9208333333333332,148.29166666666666,86.0,0,18,1,3,53.04166666666666,95.25,92.54166666666669,135.33333333333334,20.6,52,17.8,0.0
2024-01-19,86.81666666666666,54.06666666666666,1053.5416666666667,46.93333333333334,30.666666666666668,100.70833333333331,0.48,14.958333333333334,0.9354166666666668,147.625,83.66666666666667,0,19,1,4,-0.6666666666666572,148.29166666666666,104.0,151.41666666666666,20.0,49,15.3,0.0
2024-01-20,93.4875,55.85833333333333,1182.25,49.95416666666667,22.875,89.0,0.5183333333333333,18.166666666666668,0.95,155.375,88.20833333333333,0,20,1,5,7.75,147.625,113.33333333333331,110.25,20.4,78,15.9,0.5
2024-01-21,86.91666666666667,50.72083333333333,1013.375,53.50833333333333,24.516666666666666,80.41666666666667,0.52125,22.45833333333333,1.0,135.33333333333334,78.625,0,21,1,6,-20.041666666666657,155.375,77.45833333333333,138.54166666666666,21.1,62,15.5,0.0
2024-01-22,90.925,52.3125,1023.2083333333334,48.75,20.53333333333333,79.70833333333333,0.4058333333333333,26.041666666666668,0.9916666666666668,151.41666666666666,87.125,0,22,1,0,16.083333333333314,135.33333333333334,132.83333333333334,152.83333333333334,20.2,66,18.3,0.0
2024-01-23,80.89166666666667,42.875,659.1666666666666,34.479166666666664,16.95,79.79166666666667,0.3045833333333333,40.5,1.1354166666666667,110.25,71.08333333333333,0,23,1,1,-41.16666666666666,151.41666666666666,102.79166666666669,141.16666666666666,20.6,69,21.4,0.0
2024-01-24,98.5875,54.44583333333333,828.9583333333334,35.00416666666667,27.28333333333333,88.70833333333333,0.3470833333333333,33.625,1.0520833333333333,138.54166666666666,80.58333333333333,0,24,1,2,28.291666666666657,110.25,95.25,151.95833333333334,18.8,60,13.8,0.0
2024-01-25,105.91666666666669,59.60416666666666,1041.5,47.51666666666667,23.0875,71.5,0.3670833333333334,31.125,1.01875,152.83333333333334,88.95833333333333,0,25,1,3,14.291666666666686,138.54166666666666,148.29166666666666,151.375,19.1,70,15.6,0.0
2024-01-26,92.4375,54.81666666666666,804.5416666666666,34.8375,21.0375,88.04166666666667,0.4179166666666666,20.83333333333333,1.0375,141.16666666666666,81.83333333333333,0,26,1,4,-11.666666666666686,152.83333333333334,147.625,113.29166666666669,20.2,60,19.1,0.0
2024-01-27,96.1625,60.22916666666666,869.2083333333334,26.6375,21.70833333333333,109.45833333333331,0.4645833333333333,13.666666666666666,0.9895833333333334,151.95833333333334,87.41666666666667,0,27,1,5,10.791666666666686,141.16666666666666,155.375,72.79166666666667,20.5,50,20.2,0.0
2024-01-28,90.8125,54.333333333333336,823.0,21.525,19.775,100.29166666666669,0.5054166666666667,16.166666666666668,0.9604166666666668,151.375,86.58333333333333,0,28,1,6,-0.5833333333333428,151.95833333333334,135.33333333333334,74.04166666666667,19.4,66,19.6,0.0
2024-01-29,50.05833333333334,23.875,357.0416666666667,18.9,5.9625,75.83333333333333,0.2975,30.5,1.0166666666666668,113.29166666666669,72.45833333333333,0,29,1,0,-38.083333333333314,151.375,151.41666666666666,73.33333333333333,22.8,75,20.6,0.4
2024-01-30,74.53750000000001,24.225,375.125,24.116666666666664,7.258333333333333,63.375,0.3062499999999999,97.0,0.9104166666666668,72.79166666666667,61.54166666666666,0,30,1,1,-40.500000000000014,113.29166666666669,110.25,100.08333333333331,22.1,81,17.1,0.8
2024-01-31,61.4125,22.504166666666663,344.625,20.55,6.3,71.125,0.2304166666666667,65.0,1.0625,74.04166666666667,68.33333333333333,0,31,1,2,1.25,72.79166666666667,138.54166666666666,116.25,22.7,80,21.6,0.3
2024-02-01,87.56666666666666,27.925,384.0833333333333,22.69583333333333,9.95,78.29166666666667,0.2683333333333333,132.41666666666666,1.1041666666666667,73.33333333333333,66.75,0,1,2,3,-0.7083333333333428,74.04166666666667,152.83333333333334,82.91666666666667,22.9,63,17.7,0.0
2024-02-02,134.66666666666666,40.766666666666666,409.9166666666667,27.666666666666668,11.325,59.79166666666666,0.4808333333333333,210.5,0.8687499999999999,100.08333333333331,83.29166666666667,0,2,2,4,26.749999999999986,73.33333333333333,141.16666666666666,80.25,23.2,73,12.6,0.0
2024-02-03,91.7875,35.237500000000004,519.0,32.362500000000004,10.666666666666666,46.29166666666666,0.5087499999999999,109.5,0.8604166666666666,116.25,93.04166666666669,0,3,2,5,16.166666666666686,100.08333333333331,151.95833333333334,80.16666666666667,21.9,76,29.1,3.2
2024-02-04,79.15833333333333,24.1125,321.1666666666667,20.28333333333333,5.2125,71.0,0.6075,110.58333333333331,0.8583333333333333,82.91666666666667,72.20833333333333,0,4,2,6,-33.33333333333333,116.25,151.375,81.875,22.8,80,25.2,1.2
2024-02-05,48.82916666666667,26.34166666666667,481.375,27.379166666666663,11.320833333333333,79.0,0.32875,14.25,1.1125,80.25,65.70833333333333,0,5,2,0,-2.6666666666666714,82.91666666666667,113.29166666666669,93.20833333333331,21.4,77,17.1,0.0
2024-02-06,53.72083333333333,24.35833333333333,451.0833333333333,26.5,10.25,84.08333333333333,0.3374999999999999,33.25,1.0604166666666666,80.16666666666667,60.79166666666666,0,6,2,1,-0.0833333333333286,80.25,72.79166666666667,85.70833333333333,21.5,73,18.1,0.1
2024-02-07,68.6375,31.97083333333333,445.5416666666667,21.1125,11.825,79.375,0.3391666666666666,50.625,1.1395833333333334,81.875,63.91666666666666,0,7,2,2,1.7083333333333286,80.16666666666667,74.04166666666667,81.16666666666667,22.5,60,23.3,0.0
2024-02-08,52.645833333333336,28.35,482.0416666666667,24.008333333333336,13.416666666666666,89.91666666666667,0.205,30.125,1.3541666666666667,93.20833333333331,66.41666666666667,0,8,2,3,11.333333333333314,81.875,73.33333333333333,79.79166666666667,20.8,44,24.6,0.0
2024-02-09,53.35,26.85833333333333,575.8333333333334,32.55416666666667,11.866666666666667,74.95833333333333,0.1670833333333333,37.333333333333336,1.3604166666666666,85.70833333333333,62.458333333333336,0,9,2,4,-7.499999999999986,93.20833333333331,100.08333333333331,86.29166666666667,19.4,55,20.6,0.0
2024-02-10,53.35833333333333,25.3,496.7916666666667,30.27083333333333,11.033333333333331,85.04166666666667,0.2270833333333333,39.625,1.4479166666666667,81.16666666666667,62.25,0,10,2,5,-4.541666666666657,85.70833333333333,116.25,101.79166666666669,21.3,66,22.2,0.0
2024-02-11,44.95416666666667,25.73333333333333,483.9583333333333,27.979166666666668,13.35,88.20833333333333,0.1941666666666666,18.45833333333333,1.55,79.79166666666667,60.66666666666666,0,11,2,6,-1.375,81.16666666666667,82.91666666666667,117.41666666666669,21.4,41,14.6,0.0
2024-02-12,50.90416666666667,32.770833333333336,624.3333333333334,36.22916666666666,16.037499999999998,84.75,0.3175,9.666666666666666,1.43125,86.29166666666667,62.54166666666666,0,12,2,0,6.5,79.79166666666667,80.25,128.83333333333334,21.5,39,23.0,0.0
2024-02-13,64.31666666666666,38.81666666666667,752.5,45.87916666666666,21.2375,69.0,0.38125,19.70833333333333,0.4875,101.79166666666669,68.95833333333333,0,13,2,1,15.500000000000014,86.29166666666667,80.16666666666667,118.125,21.2,46,14.2,0.0
2024-02-14,73.55416666666666,43.7875,938.875,50.07083333333333,20.425,68.41666666666667,0.31,22.95833333333333,1.4916666666666665,117.41666666666669,73.79166666666667,0,14,2,2,15.625,101.79166666666669,81.875,104.375,21.3,50,21.5,0.0
2024-02-15,79.575,48.19583333333333,955.0416666666666,51.81666666666666,17.633333333333333,71.625,0.2954166666666666,23.041666666666668,1.51875,128.83333333333334,77.58333333333333,0,15,2,3,11.416666666666657,117.41666666666669,93.20833333333331,64.45833333333333,21.4,54,21.6,0.0
2024-02-16,60.19166666666666,36.8625,863.2083333333334,52.72083333333333,17.279166666666665,65.125,0.1841666666666666,17.5,1.6833333333333331,118.125,74.20833333333333,0,16,2,4,-10.708333333333343,128.83333333333334,85.70833333333333,59.29166666666666,22.2,40,22.8,0.0
2024-02-17,50.0125,30.85833333333333,730.0,44.55833333333334,15.104166666666666,70.91666666666667,0.1591666666666666,12.875,1.6395833333333334,104.375,69.375,0,17,2,5,-13.75,118.125,81.16666666666667,68.41666666666667,22.0,46,19.2,0.0
2024-02-18,27.9,15.045833333333334,289.4166666666667,13.0125,5.395833333333333,86.5,0.16125,5.291666666666667,1.7020833333333334,64.45833333333333,46.79166666666666,0,18,2,6,-39.91666666666667,104.375,79.79166666666667,71.54166666666667,23.1,74,30.1,0.0
2024-02-19,44.53333333333333,17.837500000000002,254.33333333333331,8.979166666666666,3.7541666666666655,95.41666666666669,0.2704166666666667,36.833333333333336,1.5583333333333331,59.29166666666666,42.0,0,19,2,0,-5.166666666666671,64.45833333333333,86.29166666666667,64.625,24.7,76,33.9,0.0
2024-02-20,49.02916666666667,20.8,258.1666666666667,11.391666666666666,4.775,99.33333333333331,0.1775,42.41666666666666,1.575,68.41666666666667,57.958333333333336,0,20,2,1,9.125000000000014,59.29166666666666,101.79166666666669,90.20833333333331,23.5,75,25.2,0.0
2024-02-21,55.62916666666666,19.729166666666668,289.875,13.170833333333334,5.025,105.625,0.2341666666666666,60.25,1.4229166666666666,71.54166666666667,58.833333333333336,0,21,2,2,3.125,68.41666666666667,117.41666666666669,77.83333333333333,23.4,70,27.4,0.0
2024-02-22,68.14583333333333,18.83333333333333,372.375,22.1375,8.058333333333334,84.75,0.1854166666666666,109.20833333333331,1.6291666666666669,64.625,63.16666666666666,0,22,2,3,-6.916666666666671,71.54166666666667,128.83333333333334,73.91666666666667,23.2,40,25.5,0.0
2024-02-23,87.1875,29.9125,636.75,36.74583333333333,14.75,86.20833333333333,0.1949999999999999,112.04166666666669,1.6520833333333331,90.20833333333331,72.54166666666667,0,23,2,4,25.583333333333314,64.625,118.125,74.79166666666667,20.9,37,23.0,0.0
2024-02-24,64.53750000000001,19.2,338.875,17.829166666666666,10.091666666666669,98.125,0.18375,97.375,1.6895833333333332,77.83333333333333,70.16666666666667,0,24,2,5,-12.374999999999986,90.20833333333331,104.375,88.83333333333333,22.3,54,23.6,0.0
2024-02-25,53.19166666666666,23.245833333333334,478.25,26.48333333333333,13.5375,77.5,0.20625,49.833333333333336,1.3354166666666665,73.91666666666667,64.75,0,25,2,6,-3.916666666666657,77.83333333333333,64.45833333333333,92.58333333333331,22.8,40,23.7,0.0
2024-02-26,48.69166666666666,21.691666666666663,287.0833333333333,8.316666666666666,10.129166666666666,111.41666666666669,0.3054166666666666,45.41666666666666,1.5479166666666666,74.79166666666667,58.04166666666666,0,26,2,0,0.875,73.91666666666667,59.29166666666666,87.45833333333333,23.3,29,34.4,0.0
2024-02-27,69.875,34.833333333333336,334.625,8.8375,12.4375,106.66666666666669,0.34625,51.708333333333336,1.5291666666666668,88.83333333333333,65.45833333333333,0,27,2,1,14.041666666666657,74.79166666666667,68.41666666666667,79.16666666666667,21.5,47,39.3,0.0
2024-02-28,62.65833333333333,27.3875,386.0416666666667,13.5875,13.658333333333331,110.58333333333331,0.2870833333333333,59.958333333333336,1.7833333333333334,92.58333333333331,64.58333333333333,0,28,2,2,3.749999999999986,88.83333333333333,71.54166666666667,71.75,23.0,41,27.4,0.0
2024-02-29,61.8375,23.575,401.9166666666667,16.979166666666668,13.058333333333332,106.66666666666669,0.35625,72.70833333333333,1.81875,87.45833333333333,65.91666666666667,0,29,2,3,-5.124999999999986,92.58333333333331,64.625,81.25,24.0,42,15.9,0.0
2024-03-01,63.49166666666667,25.383333333333336,445.125,21.8,9.029166666666669,88.04166666666667,0.3479166666666666,62.54166666666666,1.21875,79.16666666666667,66.95833333333333,0,1,3,4,-8.291666666666657,87.45833333333333,90.20833333333331,95.91666666666669,21.3,72,22.5,7.4
2024-03-02,83.39583333333333,21.016666666666666,240.25,8.9125,6.895833333333333,81.08333333333333,0.14,145.45833333333334,1.95,71.75,66.625,0,2,3,5,-7.416666666666671,79.16666666666667,77.83333333333333,82.5,17.6,50,33.5,0.0
2024-03-03,119.99166666666667,33.80416666666667,262.25,12.195833333333333,10.458333333333334,87.04166666666667,0.15125,198.95833333333331,1.8041666666666665,81.25,83.375,0,3,3,6,9.5,71.75,73.91666666666667,84.29166666666667,16.0,39,26.6,0.0
2024-03-04,79.825,29.391666666666666,421.375,21.758333333333336,15.629166666666668,83.75,0.1583333333333333,106.125,1.85,95.91666666666669,78.79166666666667,0,4,3,0,14.666666666666686,81.25,74.79166666666667,79.04166666666667,17.5,46,21.4,0.0
2024-03-05,46.4,22.325,403.8333333333333,21.35833333333333,14.366666666666667,84.41666666666667,0.295,40.708333333333336,1.7229166666666669,82.5,65.5,0,5,3,1,-13.416666666666686,95.91666666666669,88.83333333333333,94.83333333333331,19.9,29,23.2,0.0
2024-03-06,49.43333333333334,21.04583333333333,362.2083333333333,15.8,15.25,105.45833333333331,0.2579166666666667,50.04166666666666,1.9125,84.29166666666667,53.875,0,6,3,2,1.7916666666666714,82.5,92.58333333333331,99.5,20.4,37,18.3,0.0
2024-03-07,60.05833333333334,22.34583333333333,332.5833333333333,16.491666666666667,11.325,98.79166666666669,0.1733333333333333,73.54166666666667,1.9375,79.04166666666667,62.04166666666666,0,7,3,3,-5.25,84.29166666666667,87.45833333333333,107.20833333333331,22.5,57,24.0,0.0
2024-03-08,56.22916666666666,28.258333333333336,487.5416666666667,24.429166666666664,16.325,97.79166666666669,0.2220833333333333,38.333333333333336,1.9541666666666664,94.83333333333331,65.16666666666667,0,8,3,4,15.791666666666643,79.04166666666667,79.16666666666667,94.95833333333331,22.8,49,19.5,0.0
2024-03-09,60.3625,32.15833333333333,537.125,28.2875,16.566666666666666,95.41666666666669,0.3129166666666667,32.0,1.8604166666666664,99.5,65.25,0,9,3,5,4.666666666666686,94.83333333333331,71.75,69.875,23.3,40,19.6,0.0
2024-03-10,90.8125,43.98333333333333,631.2916666666666,34.81666666666667,22.891666666666666,84.79166666666667,0.40625,66.54166666666667,1.05,107.20833333333331,70.70833333333333,0,10,3,6,7.708333333333314,99.5,81.25,62.54166666666666,21.8,50,19.5,2.2
2024-03-11,56.30416666666667,22.933333333333334,326.0833333333333,14.854166666666666,8.112499999999999,86.75,0.1895833333333333,58.41666666666666,2.089583333333333,94.95833333333331,70.83333333333333,0,11,3,0,-12.25,107.20833333333331,95.91666666666669,110.16666666666669,22.7,71,22.2,0.0
2024-03-12,38.69583333333333,18.375,302.5,15.820833333333333,8.345833333333333,75.5,0.2470833333333333,33.125,2.0458333333333334,69.875,54.958333333333336,0,12,3,1,-25.083333333333314,94.95833333333331,82.5,97.70833333333331,23.1,82,24.9,0.0
2024-03-13,91.02083333333331,26.129166666666663,248.04166666666663,11.658333333333331,6.095833333333334,84.75,0.2704166666666667,161.29166666666666,2.0479166666666666,62.54166666666666,51.375,0,13,3,2,-7.333333333333343,69.875,84.29166666666667,85.41666666666667,24.9,57,26.7,0.0
2024-03-14,130.55833333333334,42.975,358.6666666666667,19.516666666666666,13.508333333333333,91.08333333333331,0.19875,205.375,2.06875,110.16666666666669,91.79166666666669,0,14,3,3,47.62500000000003,62.54166666666666,79.04166666666667,85.20833333333333,23.6,30,25.0,0.0
2024-03-15,48.15,24.945833333333336,418.5416666666667,24.633333333333336,10.245833333333334,89.33333333333333,0.1620833333333333,37.25,2.075,97.70833333333331,73.16666666666667,0,15,3,4,-12.458333333333371,110.16666666666669,94.83333333333331,90.83333333333331,24.4,36,23.8,0.0
2024-03-16,59.8875,25.854166666666668,378.5833333333333,22.39583333333333,10.004166666666666,92.375,0.1999999999999999,66.5,2.09375,85.41666666666667,62.25,0,16,3,5,-12.291666666666643,97.70833333333331,99.5,67.58333333333333,24.9,36,22.6,0.0
2024-03-17,48.14166666666667,19.941666666666663,338.2083333333333,17.95,10.775,101.66666666666669,0.2262499999999999,51.208333333333336,2.127083333333333,85.20833333333333,61.79166666666666,0,17,3,6,-0.2083333333333428,85.41666666666667,107.20833333333331,76.0,26.5,29,25.1,0.0
2024-03-18,49.19166666666666,22.179166666666664,390.0,20.85833333333333,12.808333333333332,106.0,0.2358333333333333,42.25,2.0812500000000003,90.83333333333331,62.333333333333336,0,18,3,0,5.624999999999986,85.20833333333333,94.95833333333331,75.25,26.5,37,20.0,0.0
2024-03-19,54.85833333333333,16.650000000000002,328.3333333333333,18.975,6.983333333333333,76.91666666666667,0.2299999999999999,81.29166666666667,2.0541666666666667,67.58333333333333,58.66666666666666,0,19,3,1,-23.249999999999986,90.83333333333331,69.875,80.79166666666667,26.6,56,22.4,0.0
2024-03-20,72.42916666666666,22.90833333333333,440.7083333333333,25.683333333333334,9.316666666666666,84.79166666666667,0.2029166666666666,104.54166666666669,2.05625,76.0,66.08333333333333,0,20,3,2,8.416666666666671,67.58333333333333,62.54166666666666,71.20833333333333,25.8,66,22.7,0.0
2024-03-21,61.34166666666667,25.616666666666664,311.0416666666667,17.037499999999998,5.941666666666666,78.5,0.2054166666666666,62.41666666666666,2.160416666666667,75.25,68.125,0,21,3,3,-0.75,76.0,110.16666666666669,71.29166666666667,26.6,53,26.8,0.0
2024-03-22,56.0875,23.916666666666668,266.8333333333333,11.354166666666666,5.108333333333333,90.41666666666669,0.2604166666666667,48.125,2.2,80.79166666666667,62.625,0,22,3,4,5.541666666666671,75.25,97.70833333333331,76.0,26.3,70,26.9,0.0
2024-03-23,71.0125,22.179166666666664,253.41666666666663,13.125,5.416666666666667,76.375,0.31375,97.375,2.0708333333333333,71.20833333333333,64.625,0,23,3,5,-9.583333333333343,80.79166666666667,85.41666666666667,62.5,25.9,81,25.8,0.0
2024-03-24,58.0625,20.6,250.54166666666663,13.816666666666668,4.979166666666667,71.125,0.33875,77.20833333333333,2.120833333333333,71.29166666666667,67.04166666666667,0,24,3,6,0.08333333333334281,71.20833333333333,85.20833333333333,62.16666666666666,26.7,73,29.9,0.0
2024-03-25,56.15,20.2875,334.5,18.929166666666667,7.574999999999999,84.58333333333333,0.3091666666666666,71.66666666666667,2.120833333333333,76.0,63.75,0,25,3,0,4.708333333333329,71.29166666666667,90.83333333333331,68.66666666666667,27.1,67,30.1,0.0
2024-03-26,40.69166666666667,17.425,287.25,15.370833333333332,5.604166666666667,70.29166666666667,0.2441666666666666,35.833333333333336,2.2666666666666666,62.5,53.625,0,26,3,1,-13.5,76.0,67.58333333333333,66.625,27.6,66,27.1,0.0
2024-03-27,61.43333333333334,19.3125,259.875,13.466666666666669,5.3500000000000005,75.75,0.185,86.29166666666667,2.035416666666667,62.16666666666666,51.16666666666666,0,27,3,2,-0.3333333333333428,62.5,76.0,80.04166666666667,27.0,73,27.4,0.0
2024-03-28,41.60833333333333,12.391666666666666,282.4166666666667,14.729166666666666,5.5,105.95833333333331,0.1883333333333333,59.625,2.1979166666666665,68.66666666666667,60.333333333333336,0,28,3,3,6.500000000000014,62.16666666666666,75.25,107.33333333333331,27.7,56,26.7,0.0
2024-03-29,78.925,23.916666666666668,275.0416666666667,12.916666666666666,5.979166666666667,107.04166666666669,0.1949999999999999,110.375,2.2625,66.625,62.41666666666666,0,29,3,4,-2.0416666666666714,68.66666666666667,80.79166666666667,116.70833333333331,25.3,68,26.6,0.0
2024-03-30,107.81666666666666,30.191666666666663,225.25,9.008333333333333,4.5,96.20833333333331,0.2525,171.91666666666666,2.3354166666666667,80.04166666666667,75.08333333333333,0,30,3,5,13.416666666666671,66.625,71.20833333333333,80.91666666666667,25.3,71,30.7,0.0
2024-03-31,159.02083333333334,46.725,325.6666666666667,16.704166666666666,9.883333333333333,105.625,0.4995833333333333,265.25,1.8541666666666667,107.33333333333331,93.0,0,31,3,6,27.291666666666643,80.04166666666667,71.29166666666667,98.58333333333331,27.1,54,25.6,0.0
2024-04-01,96.08333333333331,31.683333333333334,334.9583333333333,18.245833333333334,8.916666666666666,93.33333333333331,0.3175,147.5,1.9729166666666669,116.70833333333331,93.875,0,1,4,0,9.375,107.33333333333331,76.0,83.58333333333333,25.9,62,23.1,0.0
2024-04-02,59.82083333333333,22.70833333333333,225.45833333333331,9.941666666666666,5.208333333333333,102.58333333333331,0.2529166666666667,65.20833333333333,2.252083333333333,80.91666666666667,71.41666666666667,0,2,4,1,-35.79166666666664,116.70833333333331,62.5,66.66666666666667,26.2,72,30.2,0.0
2024-04-03,108.53333333333336,33.295833333333334,297.4166666666667,11.7875,6.616666666666667,126.66666666666669,0.4304166666666666,150.04166666666666,1.6520833333333331,98.58333333333331,69.29166666666667,0,3,4,2,17.666666666666643,80.91666666666667,62.16666666666666,74.04166666666667,26.1,78,24.5,0.0
2024-04-04,56.4375,17.504166666666666,282.5,14.1375,5.875,111.125,0.3104166666666667,78.83333333333333,1.8791666666666669,83.58333333333333,79.04166666666667,0,4,4,3,-14.999999999999986,98.58333333333331,68.66666666666667,67.41666666666667,26.7,67,27.6,0.0
2024-04-05,57.00833333333333,17.483333333333334,261.25,11.870833333333332,5.529166666666666,111.625,0.2345833333333333,75.66666666666667,2.0875,66.66666666666667,61.708333333333336,0,5,4,4,-16.916666666666657,83.58333333333333,66.625,72.66666666666667,27.2,58,30.4,0.0
2024-04-06,49.0,15.304166666666667,263.4583333333333,12.020833333333334,5.7625,119.20833333333331,0.3270833333333333,57.66666666666666,2.025,74.04166666666667,60.583333333333336,0,6,4,5,7.375,66.66666666666667,80.04166666666667,61.66666666666666,26.7,60,27.3,0.0
2024-04-07,51.15833333333333,19.1375,306.9583333333333,16.925,6.5625,100.125,0.2666666666666666,55.125,2.160416666666667,67.41666666666667,58.708333333333336,0,7,4,6,-6.625,74.04166666666667,107.33333333333331,57.583333333333336,26.4,76,24.9,0.0
2024-04-08,52.28333333333333,19.370833333333334,345.2083333333333,18.883333333333333,6.470833333333334,100.08333333333331,0.165,61.708333333333336,2.3291666666666666,72.66666666666667,61.875,0,8,4,0,5.25,67.41666666666667,116.70833333333331,65.5,27.2,68,22.5,0.0
2024-04-09,33.4625,13.904166666666669,312.8333333333333,17.166666666666668,5.729166666666667,84.04166666666667,0.15375,34.958333333333336,2.377083333333333,61.66666666666666,50.66666666666666,0,9,4,1,-11.000000000000014,72.66666666666667,80.91666666666667,58.833333333333336,27.9,57,26.6,0.0
2024-04-10,40.62916666666667,17.083333333333332,265.75,14.920833333333334,6.129166666666666,61.208333333333336,0.1720833333333333,41.66666666666666,2.0479166666666666,57.583333333333336,39.25,0,10,4,2,-4.0833333333333215,61.66666666666666,98.58333333333331,50.75,26.6,76,24.3,0.0
2024-04-11,45.775,17.779166666666665,289.2083333333333,17.462500000000002,6.604166666666667,79.33333333333333,0.2720833333333333,47.125,2.1,65.5,47.958333333333336,0,11,4,3,7.916666666666664,57.583333333333336,83.58333333333333,62.0,26.3,80,21.0,0.0
2024-04-12,35.5375,13.379166666666668,260.7916666666667,15.095833333333331,6.375,69.875,0.32125,39.41666666666666,2.214583333333333,58.833333333333336,47.04166666666666,0,12,4,4,-6.666666666666664,65.5,66.66666666666667,86.58333333333333,27.0,77,23.3,0.0
2024-04-13,45.93333333333334,14.408333333333331,225.41666666666663,13.416666666666666,5.425,61.04166666666666,0.46875,64.45833333333333,1.8833333333333333,50.75,37.54166666666666,0,13,4,5,-8.083333333333336,58.833333333333336,74.04166666666667,61.125,27.9,78,23.8,0.0
2024-04-14,111.98333333333332,25.629166666666663,291.7083333333333,21.4125,14.4875,51.833333333333336,0.5325,205.08333333333331,0.5270833333333333,62.0,65.33333333333333,0,14,4,6,11.25,50.75,67.41666666666667,81.125,26.6,80,14.8,3.4
2024-04-15,73.21249999999999,22.35,314.2083333333333,19.058333333333334,8.466666666666667,57.708333333333336,0.4441666666666666,105.04166666666669,1.5958333333333332,86.58333333333333,86.29166666666667,0,15,4,0,24.58333333333333,62.0,72.66666666666667,69.66666666666667,26.4,76,19.7,0.0
2024-04-16,72.05833333333334,21.683333333333334,288.125,17.058333333333334,14.820833333333333,71.125,0.4275,111.08333333333331,1.4208333333333334,61.125,61.625,0,16,4,1,-25.45833333333333,86.58333333333333,61.66666666666666,80.75,28.1,73,24.5,0.0
2024-04-17,62.84166666666667,24.59583333333333,349.0416666666667,20.366666666666667,14.204166666666667,83.125,0.3383333333333334,75.91666666666667,2.3125,81.125,71.125,0,17,4,2,20.0,61.125,57.583333333333336,77.20833333333333,28.8,57,18.9,0.0
2024-04-18,86.11666666666667,22.791666666666668,189.95833333333331,9.6625,5.3125,63.91666666666666,0.6591666666666667,146.04166666666666,1.48125,69.66666666666667,65.0,0,18,4,3,-11.458333333333329,81.125,65.5,73.04166666666667,27.2,78,28.0,0.5
2024-04-19,57.3875,25.616666666666664,206.70833333333331,6.3125,3.920833333333333,113.20833333333331,0.2166666666666666,45.16666666666666,2.25,80.75,73.16666666666667,0,19,4,4,11.083333333333329,69.66666666666667,58.833333333333336,70.29166666666667,26.7,71,33.4,0.0
2024-04-20,48.67916666666667,21.691666666666663,231.41666666666663,8.245833333333334,4.575,111.20833333333331,0.1741666666666666,39.333333333333336,2.1020833333333333,77.20833333333333,60.91666666666666,0,20,4,5,-3.5416666666666714,80.75,50.75,66.875,27.7,66,25.6,0.0
2024-04-21,54.31666666666666,23.3125,233.70833333333331,9.191666666666666,4.7875000000000005,98.91666666666669,0.1775,49.54166666666666,2.2020833333333334,73.04166666666667,60.208333333333336,0,21,4,6,-4.166666666666657,77.20833333333333,62.0,65.04166666666667,27.5,72,32.2,0.0
2024-04-22,57.55,20.45833333333333,196.04166666666663,8.466666666666667,4.0875,70.5,0.18125,75.45833333333333,2.4916666666666667,70.29166666666667,62.16666666666666,0,22,4,0,-2.75,73.04166666666667,86.58333333333333,64.5,27.5,76,33.4,0.0
2024-04-23,56.55416666666667,19.79583333333333,201.41666666666663,9.141666666666667,4.525,78.79166666666667,0.1804166666666666,69.5,2.5145833333333334,66.875,62.708333333333336,0,23,4,1,-3.4166666666666714,70.29166666666667,61.125,57.91666666666666,27.3,79,27.7,0.0
2024-04-24,51.10833333333333,19.320833333333333,216.95833333333331,10.2,5.120833333333333,72.79166666666667,0.1983333333333333,56.5,2.3729166666666663,65.04166666666667,61.125,0,24,4,2,-1.8333333333333286,66.875,81.125,60.16666666666666,27.3,78,25.9,0.0
2024-04-25,46.14166666666667,16.591666666666665,216.20833333333331,11.0875,4.695833333333334,67.75,0.2129166666666666,55.79166666666666,2.44375,64.5,57.5,0,25,4,3,-0.5416666666666714,65.04166666666667,69.66666666666667,58.5,27.4,79,31.4,0.0
2024-04-26,65.68333333333334,16.816666666666666,200.08333333333331,8.033333333333333,4.216666666666667,77.125,0.3883333333333333,103.66666666666669,2.160416666666667,57.91666666666666,57.79166666666666,0,26,4,4,-6.583333333333343,64.5,80.75,73.33333333333333,28.1,75,28.9,0.0
2024-04-27,60.03333333333333,15.9125,219.83333333333331,10.241666666666667,4.8125,75.91666666666667,0.3483333333333333,95.375,2.2583333333333333,60.16666666666666,66.0,0,27,4,5,2.25,57.91666666666666,77.20833333333333,89.83333333333333,27.7,77,26.8,0.0
2024-04-28,66.26666666666667,18.016666666666666,225.25,11.408333333333331,6.2125,77.79166666666667,0.3525,112.58333333333331,2.245833333333333,58.5,64.5,0,28,4,6,-1.6666666666666572,60.16666666666666,73.04166666666667,92.83333333333331,28.4,75,26.3,0.0
2024-04-29,118.32916666666668,26.879166666666663,259.7916666666667,13.525,6.3,90.0,0.3845833333333333,225.08333333333331,2.2687500000000003,73.33333333333333,75.125,0,29,4,0,14.833333333333329,58.5,70.29166666666667,119.16666666666669,30.6,42,24.7,0.0
2024-04-30,127.33333333333331,30.20833333333333,255.66666666666663,12.129166666666668,6.566666666666666,102.29166666666669,0.2791666666666667,237.70833333333331,2.45625,89.83333333333333,91.75,0,30,4,1,16.5,73.33333333333333,66.875,76.91666666666667,30.7,37,27.2,0.0
2024-05-01,146.82500000000002,35.112500000000004,257.625,13.220833333333331,9.279166666666669,100.45833333333331,0.22,282.7083333333333,2.6354166666666665,92.83333333333331,94.45833333333331,0,1,5,2,2.999999999999986,89.83333333333333,65.04166666666667,71.41666666666667,29.6,21,28.0,0.0
2024-05-02,114.87083333333334,38.175,325.375,17.258333333333333,11.5375,108.20833333333331,0.26875,178.54166666666666,2.504166666666667,119.16666666666669,94.20833333333331,0,2,5,3,26.33333333333337,92.83333333333331,64.5,65.33333333333333,28.8,55,29.5,0.0
2024-05-03,52.975,17.508333333333333,231.08333333333331,11.579166666666666,5.720833333333334,62.0,0.2504166666666667,74.95833333333333,1.602083333333333,76.91666666666667,71.83333333333333,0,3,5,4,-42.250000000000014,119.16666666666669,57.91666666666666,57.458333333333336,29.1,71,30.7,0.0
2024-05-04,48.5625,21.46666666666667,207.875,8.291666666666666,4.379166666666666,79.75,0.20625,44.5,2.404166666666667,71.41666666666667,62.0,0,4,5,5,-5.5,76.91666666666667,60.16666666666666,62.79166666666666,29.1,70,32.8,0.0
2024-05-05,48.958333333333336,18.225,191.41666666666663,7.370833333333334,3.891666666666667,64.70833333333333,0.2995833333333333,58.54166666666666,2.4916666666666667,65.33333333333333,54.29166666666666,0,5,5,6,-6.083333333333343,71.41666666666667,58.5,50.625,28.8,74,32.5,0.0
2024-05-06,60.6875,15.1125,208.5,10.5,4.579166666666667,69.5,0.41875,105.58333333333331,2.25625,57.458333333333336,56.5,0,6,5,0,-7.874999999999993,65.33333333333333,73.33333333333333,39.04166666666666,30.0,66,29.9,0.0
2024-05-07,62.0875,17.716666666666665,237.25,12.704166666666666,5.65,76.33333333333333,0.2804166666666667,98.54166666666669,2.504166666666667,62.79166666666666,66.875,0,7,5,1,5.3333333333333215,57.458333333333336,89.83333333333333,45.79166666666666,30.1,67,28.5,0.0
2024-05-08,31.9375,9.320833333333333,205.25,11.779166666666669,5.670833333333333,61.16666666666666,0.2054166666666666,46.125,2.6875,50.625,49.16666666666666,0,8,5,2,-12.166666666666657,62.79166666666666,92.83333333333331,55.458333333333336,29.6,78,26.4,0.0
2024-05-09,33.52916666666667,9.904166666666669,194.95833333333331,10.125,5.5375000000000005,55.75,0.1941666666666666,50.0,2.7270833333333333,39.04166666666666,33.958333333333336,0,9,5,3,-11.583333333333343,50.625,119.16666666666669,61.91666666666666,29.6,80,24.6,0.0
2024-05-10,41.93333333333333,11.9375,210.66666666666663,10.066666666666666,6.279166666666666,58.375,0.1670833333333333,60.0,2.797916666666667,45.79166666666666,37.16666666666666,0,10,5,4,6.75,39.04166666666666,76.91666666666667,68.0,29.3,78,24.8,0.0
2024-05-11,58.64166666666667,16.370833333333334,206.58333333333331,10.416666666666666,7.274999999999999,68.29166666666667,0.2416666666666666,84.75,2.364583333333333,55.458333333333336,59.25,0,11,5,5,9.666666666666679,45.79166666666666,71.41666666666667,72.54166666666667,29.2,76,21.2,0.0
2024-05-12,68.15416666666667,15.379166666666668,222.0,11.475,7.545833333333333,85.58333333333333,0.3975,117.25,2.1166666666666667,61.91666666666666,62.41666666666666,0,12,5,6,6.4583333333333215,55.458333333333336,65.33333333333333,61.208333333333336,29.5,77,24.1,0.0
2024-05-13,100.325,19.258333333333333,225.91666666666663,12.8,8.191666666666666,79.875,0.33375,198.91666666666663,2.3520833333333333,68.0,75.91666666666667,0,13,5,0,6.083333333333343,61.91666666666666,57.458333333333336,55.708333333333336,29.2,79,24.7,0.0
2024-05-14,66.63333333333334,19.129166666666663,241.125,15.133333333333333,8.654166666666667,82.5,0.2108333333333333,107.58333333333331,2.65625,72.54166666666667,73.29166666666667,0,14,5,1,4.541666666666671,68.0,62.79166666666666,58.16666666666666,29.1,76,22.5,0.0
2024-05-15,38.87916666666667,13.991666666666667,197.45833333333331,11.383333333333333,5.916666666666667,75.41666666666667,0.1716666666666666,51.333333333333336,2.645833333333333,61.208333333333336,58.79166666666666,0,15,5,2,-11.333333333333336,72.54166666666667,50.625,55.083333333333336,30.6,67,22.0,0.0
2024-05-16,39.37916666666667,15.570833333333333,231.375,12.441666666666668,5.604166666666667,67.29166666666667,0.1541666666666666,44.875,2.6479166666666667,55.708333333333336,41.25,0,16,5,3,-5.5,61.208333333333336,39.04166666666666,39.25,30.0,70,25.7,0.0
2024-05-17,48.3875,16.529166666666665,231.375,11.8375,4.966666666666667,68.79166666666667,0.18625,68.33333333333333,2.73125,58.16666666666666,47.04166666666666,0,17,5,4,2.4583333333333215,55.708333333333336,45.79166666666666,38.79166666666666,30.8,69,29.1,0.0
2024-05-18,27.875,11.0875,219.0,11.1875,4.754166666666666,66.625,0.2175,31.75,2.7687500000000003,55.083333333333336,43.208333333333336,0,18,5,5,-3.0833333333333215,58.16666666666666,55.458333333333336,47.41666666666666,31.3,67,30.3,0.0
2024-05-19,25.04583333333333,8.520833333333334,186.29166666666663,10.470833333333331,5.15,53.208333333333336,0.1895833333333333,30.125,2.775,39.25,27.125,0,19,5,6,-15.833333333333336,55.083333333333336,61.91666666666666,56.66666666666666,30.1,75,27.8,0.0
2024-05-20,37.35833333333333,10.320833333333333,186.08333333333331,8.950000000000001,4.375,60.25,0.37625,56.5,2.458333333333333,38.79166666666666,31.0,0,20,5,0,-0.4583333333333428,39.25,68.0,56.875,30.9,76,32.1,0.0
2024-05-21,65.62083333333334,14.65,206.16666666666663,9.670833333333333,4.820833333333334,67.875,0.415,121.04166666666669,2.43125,47.41666666666666,51.79166666666666,0,21,5,1,8.625,38.79166666666666,72.54166666666667,54.75,31.3,74,31.3,0.0
2024-05-22,56.175,14.9,211.29166666666663,10.229166666666666,5.133333333333334,70.83333333333333,0.3795833333333333,95.45833333333331,2.5708333333333333,56.66666666666666,65.41666666666667,0,22,5,2,9.25,47.41666666666666,61.208333333333336,58.083333333333336,31.5,71,31.6,0.0
2024-05-23,46.47916666666666,14.983333333333334,212.04166666666663,10.3625,5.075,71.625,0.2841666666666667,66.75,2.6958333333333333,56.875,60.16666666666666,0,23,5,3,0.2083333333333428,56.66666666666666,55.708333333333336,62.333333333333336,30.9,74,31.4,0.0
2024-05-24,36.99583333333333,13.591666666666669,188.04166666666663,10.070833333333333,5.670833333333333,75.83333333333333,0.2345833333333333,42.208333333333336,2.716666666666667,54.75,44.958333333333336,0,24,5,4,-2.125,56.875,58.16666666666666,69.20833333333333,30.7,77,29.7,0.0
2024-05-25,58.13333333333333,17.554166666666667,188.25,10.633333333333333,5.8375,79.66666666666667,0.2529166666666667,84.0,2.691666666666667,58.083333333333336,51.5,0,25,5,5,3.3333333333333357,54.75,55.083333333333336,68.79166666666667,30.7,79,27.3,0.0
2024-05-26,56.12916666666666,18.65,178.79166666666666,8.725,4.745833333333334,71.875,0.3479166666666666,77.33333333333333,2.6416666666666666,62.333333333333336,62.958333333333336,0,26,5,6,4.25,58.083333333333336,39.25,65.04166666666667,30.9,77,30.1,0.0
2024-05-27,71.29166666666667,22.0875,163.83333333333334,7.295833333333333,4.05,69.41666666666667,0.4937499999999999,104.08333333333331,2.3875,69.20833333333333,66.04166666666667,0,27,5,0,6.874999999999993,62.333333333333336,38.79166666666666,66.41666666666667,30.9,78,36.4,0.0
2024-05-28,56.02916666666667,18.78333333333333,155.41666666666666,6.3125,3.466666666666667,65.41666666666667,0.4175,76.125,2.6125000000000003,68.79166666666667,66.08333333333333,0,28,5,1,-0.4166666666666572,69.20833333333333,47.41666666666666,65.08333333333333,31.2,75,39.5,0.0
2024-05-29,82.37916666666666,20.891666666666666,179.33333333333334,7.875,3.775,75.66666666666667,0.42625,149.83333333333334,2.74375,65.04166666666667,65.95833333333333,0,29,5,2,-3.75,68.79166666666667,56.66666666666666,90.125,32.8,64,36.2,0.0
2024-05-30,64.30833333333334,18.33333333333333,189.95833333333331,9.604166666666666,5.158333333333333,76.41666666666667,0.32875,103.54166666666669,2.733333333333333,66.41666666666667,69.75,0,30,5,3,1.375,65.04166666666667,56.875,98.41666666666669,32.9,68,29.4,0.0
2024-05-31,87.16666666666667,20.016666666666666,186.125,8.583333333333334,5.858333333333333,73.41666666666667,0.4858333333333333,156.20833333333334,2.21875,65.08333333333333,69.16666666666667,0,31,5,4,-1.3333333333333428,66.41666666666667,54.75,59.5,30.8,79,27.8,0.0
2024-06-01,204.33333333333331,42.78333333333333,214.25,10.254166666666666,5.408333333333334,86.45833333333333,1.0395833333333333,418.4583333333333,1.5708333333333335,90.125,94.125,0,1,6,5,25.04166666666667,65.08333333333333,58.083333333333336,63.25,31.9,68,25.5,0.0
2024-06-02,56.02916666666667,16.895833333333332,171.625,7.808333333333334,5.629166666666666,63.79166666666666,0.48875,79.45833333333333,2.3,98.41666666666669,98.375,0,2,6,6,8.291666666666686,90.125,62.333333333333336,66.66666666666667,30.5,78,25.4,0.0
2024-06-03,78.12083333333334,15.933333333333332,156.54166666666666,7.0875,5.1125,61.5,0.4375,144.66666666666666,2.3625000000000003,59.5,64.91666666666667,0,3,6,0,-38.916666666666686,98.41666666666669,69.20833333333333,68.5,30.0,74,27.5,0.0
2024-06-04,71.67083333333333,19.041666666666668,137.375,5.45,3.8041666666666663,63.5,0.4141666666666666,114.04166666666669,2.24375,63.25,71.58333333333333,0,4,6,1,3.75,59.5,68.79166666666667,69.58333333333333,30.0,72,32.7,0.0
2024-06-05,72.64583333333333,20.104166666666668,139.125,5.241666666666666,3.4791666666666665,60.41666666666666,0.5191666666666667,111.625,2.0145833333333334,66.66666666666667,68.66666666666667,0,5,6,2,3.4166666666666714,63.25,65.04166666666667,63.25,30.2,71,34.0,0.0
2024-06-06,67.03750000000001,21.629166666666663,142.875,5.7125,3.758333333333333,59.958333333333336,0.7070833333333333,92.25,1.8604166666666664,68.5,68.41666666666667,0,6,6,3,1.8333333333333286,66.66666666666667,66.41666666666667,55.625,30.4,74,30.9,0.6
2024-06-07,71.77083333333333,19.5875,164.04166666666666,6.883333333333333,4.729166666666667,61.208333333333336,0.535,112.91666666666669,2.4479166666666665,69.58333333333333,67.70833333333333,0,7,6,4,1.0833333333333286,68.5,65.08333333333333,55.41666666666666,30.5,73,31.1,0.0
2024-06-08,61.708333333333336,16.337500000000002,159.66666666666666,7.116666666666667,4.395833333333333,57.583333333333336,0.5795833333333333,98.75,2.239583333333333,63.25,67.5,0,8,6,5,-6.333333333333329,69.58333333333333,90.125,60.5,30.4,74,32.1,0.0
2024-06-09,50.6,14.05,152.625,7.479166666666667,4.55,58.625,0.4683333333333333,76.95833333333333,2.475,55.625,61.66666666666666,0,9,6,6,-7.625,63.25,98.41666666666669,63.833333333333336,30.4,75,30.5,0.0
2024-06-10,49.73333333333333,15.495833333333332,147.5,6.670833333333333,4.245833333333334,60.16666666666666,0.3883333333333333,70.58333333333333,2.5479166666666666,55.41666666666666,60.04166666666666,0,10,6,0,-0.2083333333333428,55.625,59.5,66.875,30.4,76,32.3,0.0
2024-06-11,46.87083333333334,18.1875,154.125,6.1125,3.908333333333333,62.66666666666666,0.4545833333333333,47.583333333333336,2.525,60.5,57.458333333333336,0,11,6,1,5.083333333333343,55.41666666666666,63.25,70.79166666666667,30.5,73,33.1,0.0
2024-06-12,45.05833333333334,19.275,152.20833333333334,5.645833333333333,3.7416666666666663,63.083333333333336,0.3995833333333333,37.04166666666666,2.4916666666666667,63.833333333333336,50.083333333333336,0,12,6,2,3.3333333333333357,60.5,66.66666666666667,68.70833333333333,30.7,71,33.0,0.0
2024-06-13,53.95416666666667,21.4375,155.04166666666666,5.533333333333334,3.725,64.95833333333333,0.4070833333333333,53.75,2.347916666666667,66.875,55.958333333333336,0,13,6,3,3.0416666666666643,63.833333333333336,68.5,67.54166666666667,30.9,71,31.1,0.3
2024-06-14,66.97500000000001,21.35,145.375,5.820833333333333,4.054166666666666,62.875,0.4266666666666667,88.70833333333333,2.310416666666667,70.79166666666667,63.66666666666666,0,14,6,4,3.9166666666666714,66.875,69.58333333333333,65.95833333333333,30.9,73,29.8,0.4
2024-06-15,70.71666666666667,19.59583333333333,158.75,7.35,5.104166666666667,62.29166666666666,0.5545833333333333,108.66666666666669,2.2125,68.70833333333333,68.125,0,15,6,5,-2.083333333333343,70.79166666666667,63.25,66.33333333333333,31.0,74,22.5,0.4
2024-06-16,70.3875,20.64583333333333,181.54166666666663,7.720833333333334,5.2375,65.33333333333333,0.5337500000000001,104.95833333333331,2.347916666666667,67.54166666666667,68.875,0,16,6,6,-1.1666666666666572,68.70833333333333,55.625,60.79166666666666,31.0,74,28.2,0.1
2024-06-17,97.54583333333332,19.933333333333334,175.95833333333334,7.454166666666667,5.1375,63.66666666666666,0.44875,180.66666666666663,2.1104166666666666,65.95833333333333,70.04166666666667,0,17,6,0,-1.5833333333333428,67.54166666666667,55.41666666666666,75.70833333333333,30.9,71,25.2,0.5
2024-06-18,57.5375,15.8625,150.70833333333334,5.966666666666666,4.2125,58.75,0.5075,84.91666666666667,1.78125,66.33333333333333,74.04166666666667,0,18,6,1,0.375,65.95833333333333,60.5,90.5,31.2,70,28.1,0.7
2024-06-19,85.36666666666667,18.241666666666667,156.33333333333334,6.754166666666666,4.529166666666667,64.20833333333333,0.6058333333333333,160.75,2.1875,60.79166666666666,67.875,0,19,6,2,-5.541666666666671,66.33333333333333,63.833333333333336,102.75,31.1,76,31.8,0.0
2024-06-20,134.475,30.5625,176.91666666666666,9.195833333333333,5.3625,72.70833333333333,1.069583333333333,257.0833333333333,1.5125000000000002,75.70833333333333,81.54166666666667,0,20,6,3,14.916666666666671,60.79166666666666,66.875,106.20833333333331,31.0,81,29.6,0.0
2024-06-21,129.775,28.641666666666666,169.91666666666666,8.454166666666667,5.733333333333333,68.875,1.0975,244.25,1.6708333333333334,90.5,94.08333333333331,0,21,6,4,14.791666666666671,75.70833333333333,70.79166666666667,90.41666666666669,31.1,79,25.7,0.4
2024-06-22,189.03333333333333,34.15416666666667,210.25,12.05,10.875,78.83333333333333,1.0791666666666666,396.25,1.6145833333333333,102.75,104.33333333333331,0,22,6,5,12.25,90.5,68.70833333333333,82.04166666666667,31.4,76,23.7,0.0
2024-06-23,139.20000000000002,26.554166666666664,199.04166666666663,11.204166666666666,6.65,61.958333333333336,0.8216666666666667,278.9166666666667,1.9729166666666669,106.20833333333331,107.0,0,23,6,6,3.4583333333333144,102.75,67.54166666666667,82.0,31.6,74,26.4,0.0
2024-06-24,127.99166666666667,27.879166666666663,194.83333333333331,11.045833333333334,6.308333333333334,63.79166666666666,0.7179166666666666,250.33333333333331,1.99375,90.41666666666669,94.41666666666669,0,24,6,0,-15.791666666666629,106.20833333333331,65.95833333333333,82.08333333333333,32.3,71,31.4,0.0
2024-06-25,111.32916666666668,26.675,190.75,11.429166666666667,7.225,72.70833333333333,0.5279166666666667,208.58333333333331,2.114583333333333,82.04166666666667,86.875,0,25,6,1,-8.375000000000014,90.41666666666669,66.33333333333333,79.70833333333333,31.9,74,35.8,0.0
2024-06-26,115.29583333333332,25.804166666666664,204.5,12.683333333333332,8.4375,77.0,0.605,218.16666666666663,2.285416666666667,82.0,84.70833333333333,0,26,6,2,-0.041666666666671404,82.04166666666667,60.79166666666666,67.91666666666667,31.5,75,23.7,0.0
2024-06-27,122.10416666666669,25.604166666666668,209.04166666666663,12.695833333333333,7.666666666666667,66.45833333333333,0.7766666666666667,239.25,2.052083333333333,82.08333333333333,87.66666666666667,0,27,6,3,0.0833333333333286,82.0,75.70833333333333,57.66666666666666,32.3,71,25.3,0.0
2024-06-28,71.53750000000001,23.58333333333333,220.75,11.645833333333334,13.104166666666666,74.66666666666667,0.66375,104.375,1.40625,79.70833333333333,83.04166666666667,0,28,6,4,-2.375,82.08333333333333,90.5,63.75,32.5,68,26.6,8.8
2024-06-29,34.208333333333336,15.7875,221.66666666666663,11.8125,13.354166666666666,71.83333333333333,0.3679166666666666,30.58333333333333,2.464583333333333,67.91666666666667,52.79166666666666,0,29,6,5,-11.791666666666657,79.70833333333333,102.75,82.875,32.1,72,27.4,0.0
2024-06-30,29.9,15.8,207.95833333333331,11.158333333333331,10.820833333333333,68.91666666666667,0.4804166666666666,17.583333333333332,1.0708333333333333,57.66666666666666,32.208333333333336,0,30,6,6,-10.250000000000014,67.91666666666667,106.20833333333331,76.5,32.0,72,25.5,0.0
2024-07-01,88.0125,24.33333333333333,170.33333333333334,7.3875,5.5125,69.04166666666667,0.6370833333333333,141.54166666666666,2.160416666666667,63.75,51.583333333333336,0,1,7,0,6.083333333333343,57.66666666666666,90.41666666666669,71.75,32.3,74,31.4,0.0
2024-07-02,98.85416666666669,27.59166666666667,164.66666666666666,7.125,5.504166666666666,67.20833333333333,0.8025000000000001,157.41666666666666,1.8083333333333331,82.875,80.5,0,2,7,1,19.125,63.75,82.04166666666667,75.54166666666667,32.5,70,26.9,0.0
2024-07-03,93.86666666666667,22.175,154.20833333333334,6.783333333333334,5.329166666666667,58.75,0.905,164.08333333333334,1.8229166666666667,76.5,76.58333333333333,0,3,7,2,-6.375,82.875,82.0,82.54166666666667,32.2,73,28.3,0.3
2024-07-04,101.2625,22.991666666666664,153.45833333333334,6.991666666666667,5.966666666666666,58.375,0.7233333333333333,183.875,2.1020833333333333,71.75,78.875,0,4,7,3,-4.75,76.5,82.08333333333333,96.08333333333331,31.6,73,22.9,0.4
2024-07-05,103.825,24.775,147.375,6.925,5.904166666666666,61.125,0.8300000000000001,183.875,1.7541666666666669,75.54166666666667,82.16666666666667,0,5,7,4,3.7916666666666714,71.75,79.70833333333333,96.04166666666669,31.4,71,22.9,0.6
2024-07-06,113.21666666666664,30.6625,150.79166666666666,6.758333333333333,5.008333333333334,74.41666666666667,1.3275,189.0,1.2645833333333332,82.54166666666667,82.70833333333333,0,6,7,5,7.0,75.54166666666667,67.91666666666667,116.91666666666669,31.9,68,31.3,0.0
2024-07-07,125.91666666666669,34.362500000000004,174.375,8.445833333333333,5.775,77.66666666666667,1.4116666666666668,210.79166666666663,1.2416666666666667,96.08333333333331,87.45833333333333,0,7,7,6,13.541666666666643,82.54166666666667,57.66666666666666,102.25,32.1,75,32.3,0.3
2024-07-08,172.42499999999998,40.3875,230.20833333333331,12.4375,15.445833333333333,87.54166666666667,1.3495833333333334,314.0416666666667,1.0895833333333331,96.04166666666669,94.125,0,8,7,0,-0.04166666666662877,96.08333333333331,63.75,86.375,31.6,75,22.0,0.3
2024-07-09,121.10833333333332,34.90416666666667,273.0416666666667,16.625,14.158333333333331,89.58333333333333,1.04375,194.75,1.2041666666666668,116.91666666666669,105.41666666666669,0,9,7,1,20.875,96.04166666666669,82.875,76.91666666666667,31.6,78,20.4,0.9
2024-07-10,109.75833333333333,32.920833333333334,251.58333333333331,15.695833333333333,8.75,66.5,0.63,172.75,2.145833333333333,102.25,86.29166666666667,0,10,7,2,-14.666666666666686,116.91666666666669,76.5,81.5,31.8,78,23.9,0.1
2024-07-11,76.35416666666667,25.5,180.875,9.045833333333333,4.429166666666666,53.458333333333336,0.6720833333333333,107.625,1.9979166666666663,86.375,77.625,0,11,7,3,-15.875,102.25,71.75,78.375,31.5,74,34.0,0.6
2024-07-12,69.05833333333334,25.616666666666664,152.25,7.108333333333333,3.333333333333333,47.54166666666666,1.1675,82.125,1.1854166666666666,76.91666666666667,68.04166666666667,0,12,7,4,-9.458333333333329,86.375,75.54166666666667,85.91666666666667,31.0,75,39.8,1.2
2024-07-13,77.86666666666666,26.9625,180.41666666666663,9.308333333333334,3.8708333333333336,48.66666666666666,1.3995833333333334,96.58333333333331,0.8916666666666667,81.5,69.33333333333333,0,13,7,5,4.583333333333329,76.91666666666667,82.54166666666667,99.79166666666669,30.8,78,32.5,2.2
2024-07-14,79.88333333333334,23.7875,184.41666666666663,9.995833333333334,4.808333333333334,46.16666666666666,1.0762500000000002,122.54166666666669,1.19375,78.375,70.41666666666667,0,14,7,6,-3.125,81.5,96.08333333333331,87.45833333333333,30.7,78,28.1,0.6
2024-07-15,162.88750000000002,32.93333333333333,235.16666666666663,14.666666666666666,8.6875,64.41666666666667,0.9770833333333332,312.1666666666667,1.5020833333333332,85.91666666666667,87.45833333333333,0,15,7,0,7.541666666666671,78.375,96.04166666666669,88.29166666666667,31.1,75,21.4,0.0
2024-07-16,135.91666666666666,31.479166666666668,242.79166666666663,16.008333333333333,8.1,68.91666666666667,0.8054166666666666,256.2083333333333,1.9354166666666668,99.79166666666669,101.79166666666669,0,16,7,1,13.875000000000014,85.91666666666667,116.91666666666669,92.16666666666669,31.9,74,26.9,0.1
2024-07-17,110.65,29.6,239.41666666666663,14.679166666666667,9.5375,74.5,0.8558333333333333,183.83333333333331,1.6395833333333334,87.45833333333333,89.20833333333333,0,17,7,2,-12.333333333333357,99.79166666666669,102.25,96.125,31.8,77,30.7,0.0
2024-07-18,98.75416666666666,29.0625,185.54166666666663,9.375,6.904166666666666,70.375,0.6379166666666667,160.70833333333334,2.2291666666666665,88.29166666666667,81.95833333333333,0,18,7,3,0.8333333333333428,87.45833333333333,86.375,119.0,32.1,77,29.5,0.0
2024-07-19,95.19583333333333,33.47083333333333,216.0,10.466666666666669,6.229166666666667,77.20833333333333,0.7225,130.75,2.00625,92.16666666666669,78.41666666666667,0,19,7,4,3.875000000000014,88.29166666666667,76.91666666666667,91.04166666666669,31.8,72,24.8,0.0
2024-07-20,110.18333333333334,35.30833333333333,266.2916666666667,15.708333333333334,10.358333333333333,84.58333333333333,0.7108333333333333,162.54166666666666,1.9479166666666667,96.125,80.54166666666667,0,20,7,5,3.9583333333333144,92.16666666666669,81.5,75.625,32.8,71,22.0,0.2
2024-07-21,80.56666666666666,36.62083333333333,347.75,18.320833333333333,17.775000000000002,108.83333333333331,0.6775000000000001,76.5,2.1083333333333334,119.0,80.91666666666667,0,21,7,6,22.875,96.125,78.375,88.08333333333333,33.3,69,16.1,4.2
2024-07-22,65.31666666666666,24.995833333333334,232.79166666666663,10.941666666666668,6.808333333333334,73.29166666666667,0.6708333333333334,77.33333333333333,1.9583333333333333,91.04166666666669,67.66666666666667,0,22,7,0,-27.958333333333314,119.0,85.91666666666667,92.75,31.9,77,30.9,3.4
2024-07-23,85.7375,25.5,186.33333333333331,8.416666666666666,4.995833333333334,61.54166666666666,0.6958333333333333,129.25,1.43125,75.625,67.58333333333333,0,23,7,1,-15.416666666666686,91.04166666666669,99.79166666666669,98.45833333333331,30.9,77,29.3,0.1
2024-07-24,134.30833333333334,31.04583333333333,174.75,7.708333333333333,4.875,57.16666666666666,0.8370833333333333,246.20833333333331,1.5729166666666667,88.08333333333333,86.79166666666667,0,24,7,2,12.458333333333329,75.625,87.45833333333333,93.16666666666669,30.6,76,31.2,0.0
2024-07-25,152.17083333333332,34.375,177.91666666666666,8.704166666666667,5.6375,54.958333333333336,1.18,282.75,1.175,92.75,95.66666666666669,0,25,7,3,4.666666666666671,88.08333333333333,88.29166666666667,107.58333333333331,30.7,76,25.5,0.3
2024-07-26,137.06666666666666,33.32083333333333,174.125,8.058333333333334,5.333333333333333,62.958333333333336,0.96875,244.29166666666663,1.66875,98.45833333333331,98.20833333333331,0,26,7,4,5.708333333333314,92.75,92.16666666666669,106.91666666666669,31.2,76,28.5,0.4
2024-07-27,150.65,33.5625,169.54166666666666,7.766666666666667,5.370833333333334,63.833333333333336,0.86875,283.0,2.0500000000000003,93.16666666666669,95.375,0,27,7,5,-5.291666666666629,98.45833333333331,96.125,101.04166666666669,31.2,74,28.7,0.0
2024-07-28,174.8166666666667,38.96666666666667,218.25,12.704166666666666,9.408333333333331,63.833333333333336,0.8654166666666666,334.875,1.375,107.58333333333331,108.08333333333331,0,28,7,6,14.416666666666629,93.16666666666669,119.0,71.375,31.1,74,19.5,0.0
2024-07-29,164.87083333333334,34.78333333333333,237.54166666666663,14.9,15.329166666666666,62.875,0.6808333333333333,322.0,1.7791666666666668,106.91666666666669,107.41666666666669,0,29,7,0,-0.6666666666666288,107.58333333333331,91.04166666666669,64.41666666666667,30.4,77,22.8,3.3
2024-07-30,95.8,30.1625,260.0833333333333,16.683333333333334,9.216666666666669,59.625,0.8075,147.70833333333334,0.8020833333333334,101.04166666666669,96.33333333333331,0,30,7,1,-5.875,106.91666666666669,75.625,77.5,29.2,85,20.4,18.4
2024-07-31,35.979166666666664,17.349999999999998,263.75,16.4375,8.820833333333333,64.25,0.35625,30.791666666666668,1.7458333333333331,71.375,55.91666666666666,0,31,7,2,-29.666666666666686,101.04166666666669,88.08333333333333,86.83333333333333,29.2,86,22.0,2.3
2024-08-01,55.625,21.92083333333333,192.04166666666663,9.595833333333331,4.175,56.5,0.5266666666666667,61.625,1.8958333333333333,64.41666666666667,46.91666666666666,0,1,8,3,-6.958333333333329,71.375,92.75,94.29166666666669,29.5,83,33.9,1.4
2024-08-02,94.05416666666667,26.40833333333333,188.58333333333331,10.666666666666666,4.220833333333333,44.16666666666666,1.1729166666666666,148.0,0.7937500000000001,77.5,70.125,0,2,8,4,13.083333333333329,64.41666666666667,98.45833333333331,93.5,29.3,84,27.7,1.0
2024-08-03,116.32916666666668,32.11666666666667,231.95833333333331,15.495833333333332,5.520833333333333,42.66666666666666,1.3841666666666663,188.83333333333331,0.4916666666666667,86.83333333333333,81.95833333333333,0,3,8,5,9.333333333333329,77.5,93.16666666666669,76.625,29.2,82,25.3,0.2
2024-08-04,138.27083333333334,33.90833333333333,239.04166666666663,14.891666666666666,5.745833333333334,49.208333333333336,1.01375,243.95833333333331,1.2229166666666669,94.29166666666669,89.70833333333333,0,4,8,6,7.458333333333357,86.83333333333333,107.58333333333331,71.25,28.9,83,21.6,2.5
2024-08-05,113.37083333333334,28.191666666666663,220.70833333333331,13.379166666666668,6.945833333333334,49.708333333333336,0.9545833333333332,191.29166666666663,1.6770833333333333,93.5,93.83333333333331,0,5,8,0,-0.7916666666666856,94.29166666666669,106.91666666666669,68.45833333333333,28.6,82,20.4,1.6
2024-08-06,85.02916666666667,23.004166666666663,206.91666666666663,12.929166666666667,5.404166666666666,44.16666666666666,0.8429166666666666,132.375,1.1854166666666666,76.625,77.25,0,6,8,1,-16.875,93.5,101.04166666666669,66.41666666666667,28.4,83,25.0,1.1
2024-08-07,73.25833333333334,20.316666666666663,167.45833333333334,7.462499999999999,3.829166666666666,49.75,0.7779166666666666,112.70833333333331,1.9083333333333332,71.25,72.5,0,7,8,2,-5.375,76.625,71.375,59.625,28.9,78,33.5,0.4
2024-08-08,66.60833333333333,20.079166666666666,185.5,8.541666666666666,4.4125000000000005,51.708333333333336,0.56625,93.75,1.9979166666666668,68.45833333333333,67.66666666666667,0,8,8,3,-2.7916666666666714,71.25,64.41666666666667,58.208333333333336,29.3,76,25.4,0.7
2024-08-09,65.72500000000001,18.329166666666666,186.41666666666663,8.295833333333333,4.358333333333333,50.04166666666666,0.5466666666666666,100.83333333333331,1.7416666666666665,66.41666666666667,67.70833333333333,0,9,8,4,-2.041666666666657,68.45833333333333,77.5,61.875,29.6,75,29.0,0.5
2024-08-10,55.333333333333336,16.116666666666667,154.95833333333334,6.658333333333334,3.6625,47.333333333333336,0.6291666666666667,78.33333333333333,1.6125,59.625,63.083333333333336,0,10,8,5,-6.791666666666671,66.41666666666667,86.83333333333333,63.0,29.8,74,35.0,0.4
2024-08-11,52.1875,15.85,156.25,6.8625,3.470833333333333,44.41666666666666,0.6233333333333333,71.0,1.5354166666666669,58.208333333333336,61.875,0,11,8,6,-1.4166666666666643,59.625,94.29166666666669,78.08333333333333,29.1,79,34.7,1.1
2024-08-12,87.15833333333335,18.8375,179.45833333333334,9.1875,4.558333333333334,42.125,0.6725,147.125,1.4625,61.875,68.0,0,12,8,0,3.6666666666666643,58.208333333333336,93.5,72.04166666666667,29.0,81,27.2,1.4
2024-08-13,87.79583333333333,17.1125,194.5,10.458333333333334,5.625,44.54166666666666,0.6191666666666666,167.25,1.7479166666666666,63.0,71.54166666666667,0,13,8,1,1.125,61.875,76.625,65.875,29.4,80,23.2,0.4
2024-08-14,117.72083333333336,18.441666666666663,173.0,8.066666666666666,4.9750000000000005,45.333333333333336,0.5483333333333333,241.625,1.9083333333333328,78.08333333333333,84.45833333333333,0,14,8,2,15.083333333333329,63.0,71.25,66.0,29.5,78,23.5,0.0
2024-08-15,82.10416666666667,19.0375,170.79166666666666,7.1625000000000005,4.629166666666666,45.375,0.6033333333333334,143.08333333333334,1.7999999999999998,72.04166666666667,79.625,0,15,8,3,-6.041666666666657,78.08333333333333,68.45833333333333,68.95833333333333,29.2,80,25.7,1.9
2024-08-16,65.46666666666667,19.254166666666663,167.79166666666666,7.9125,4.641666666666667,40.583333333333336,0.68125,99.125,1.35,65.875,70.08333333333333,0,16,8,4,-6.166666666666671,72.04166666666667,66.41666666666667,65.75,28.7,80,25.2,1.1
2024-08-17,78.07083333333334,20.78333333333333,192.45833333333331,11.083333333333334,5.5,37.625,0.535,125.83333333333331,1.00625,66.0,67.375,0,17,8,5,0.125,65.875,59.625,61.0,29.0,77,19.3,0.1
2024-08-18,72.47083333333333,20.179166666666667,202.33333333333331,12.2875,5.758333333333333,36.083333333333336,0.52375,118.16666666666669,0.7666666666666666,68.95833333333333,71.33333333333333,0,18,8,6,2.9583333333333286,66.0,58.208333333333336,58.66666666666666,29.0,77,25.2,0.2
2024-08-19,54.020833333333336,17.929166666666667,213.08333333333331,11.458333333333334,5.5125,42.66666666666666,0.4154166666666667,76.54166666666667,1.7104166666666665,65.75,65.95833333333333,0,19,8,0,-3.2083333333333286,68.95833333333333,61.875,63.66666666666666,28.9,77,25.1,1.0
2024-08-20,43.075,16.395833333333332,193.0,8.920833333333333,4.55,43.583333333333336,0.33875,51.083333333333336,2.10625,61.0,55.333333333333336,0,20,8,1,-4.75,65.75,63.0,63.29166666666666,29.3,74,27.2,0.8
2024-08-21,44.53333333333333,16.745833333333334,176.79166666666666,7.533333333333332,4.183333333333334,47.0,0.4808333333333333,51.04166666666666,2.027083333333333,58.66666666666666,41.708333333333336,0,21,8,2,-2.333333333333343,61.0,78.08333333333333,63.91666666666666,29.3,74,26.5,0.0
2024-08-22,63.59166666666667,18.883333333333333,178.04166666666666,7.791666666666667,4.4875,50.75,0.61125,96.5,1.804166666666667,63.66666666666666,61.75,0,22,8,3,5.0,58.66666666666666,72.04166666666667,74.08333333333333,30.0,71,24.9,0.0
2024-08-23,63.225,18.004166666666666,173.79166666666666,7.066666666666666,4.2,52.41666666666666,0.5970833333333333,98.875,1.8270833333333332,63.29166666666666,64.54166666666667,0,23,8,4,-0.375,63.66666666666666,65.875,71.875,29.7,73,27.7,0.0
2024-08-24,79.80833333333334,21.133333333333333,176.79166666666666,7.304166666666667,4.341666666666667,53.458333333333336,0.5516666666666666,133.58333333333334,2.0500000000000003,63.91666666666666,67.25,0,24,8,5,0.625,63.29166666666666,66.0,73.125,29.4,74,28.3,0.0
2024-08-25,81.96249999999999,23.6875,170.45833333333334,6.6000000000000005,4.041666666666667,55.708333333333336,0.4866666666666666,127.70833333333331,2.2666666666666666,74.08333333333333,74.625,0,25,8,6,10.166666666666671,63.91666666666666,68.95833333333333,59.833333333333336,29.4,74,29.9,0.0
2024-08-26,68.47083333333333,21.23333333333333,192.875,9.945833333333336,5.1875,60.29166666666666,0.60125,99.29166666666669,1.9604166666666665,71.875,68.70833333333333,0,26,8,0,-2.2083333333333286,74.08333333333333,65.75,50.54166666666666,29.7,74,31.1,0.0
2024-08-27,50.62083333333334,20.791666666666668,284.625,13.975,8.254166666666666,84.70833333333333,0.6745833333333334,55.25,1.19375,73.125,66.08333333333333,0,27,8,1,1.25,71.875,61.0,56.79166666666666,29.0,82,22.3,51.2
2024-08-28,17.604166666666668,11.629166666666668,364.9583333333333,17.325,8.85,81.125,0.2654166666666667,2.375,0.3625,59.833333333333336,38.125,0,28,8,2,-13.291666666666664,73.125,58.66666666666666,53.25,27.5,87,23.0,22.8
2024-08-29,28.0625,15.520833333333334,354.3333333333333,20.04583333333333,9.158333333333331,74.95833333333333,0.3783333333333333,15.541666666666666,1.1479166666666667,50.54166666666666,32.833333333333336,0,29,8,3,-9.291666666666679,59.833333333333336,63.66666666666666,49.75,27.6,89,25.8,21.8
2024-08-30,23.129166666666663,14.033333333333331,207.16666666666663,8.458333333333334,6.829166666666667,71.95833333333333,0.2166666666666666,13.875,1.625,56.79166666666666,32.083333333333336,0,30,8,4,6.25,50.54166666666666,63.29166666666666,57.125,27.3,83,45.9,25.7
2024-08-31,34.770833333333336,11.9,182.16666666666663,9.775,7.212499999999999,42.333333333333336,0.4075,47.16666666666666,0.9875,53.25,30.0,0,31,8,5,-3.541666666666657,56.79166666666666,63.91666666666666,57.04166666666666,26.3,87,46.6,8.5
2024-09-01,41.204166666666666,14.025,260.2083333333333,14.875,10.6,34.583333333333336,0.4491666666666666,52.04166666666666,1.6833333333333331,49.75,35.0,0,1,9,6,-3.5,53.25,74.08333333333333,62.79166666666666,27.0,88,23.3,1.0
2024-09-02,48.1625,15.3625,302.875,21.27083333333333,10.033333333333331,42.5,0.4629166666666666,66.0,1.6916666666666669,57.125,54.0,0,2,9,0,7.375,49.75,71.875,62.208333333333336,27.0,87,17.5,0.0
2024-09-03,62.2625,16.191666666666666,284.9583333333333,20.64583333333333,8.720833333333333,46.04166666666666,0.4566666666666667,105.83333333333331,1.83125,57.04166666666666,59.333333333333336,0,3,9,1,-0.08333333333334281,57.125,73.125,62.54166666666666,27.3,86,21.4,0.0
2024-09-04,63.40416666666667,18.883333333333333,241.41666666666663,17.7375,6.133333333333333,34.958333333333336,0.5116666666666666,99.5,1.28125,62.79166666666666,67.25,0,4,9,2,5.75,57.04166666666666,59.833333333333336,64.04166666666667,27.7,83,20.2,2.2
2024-09-05,40.66666666666666,16.816666666666666,194.16666666666663,10.858333333333334,4.2625,46.125,0.5845833333333333,39.91666666666666,1.9104166666666664,62.208333333333336,56.41666666666666,0,5,9,3,-0.5833333333333215,62.79166666666666,50.54166666666666,58.958333333333336,28.0,84,29.8,0.2
2024-09-06,50.875,19.058333333333334,213.33333333333331,12.533333333333331,4.6625000000000005,45.04166666666666,0.5125000000000001,59.833333333333336,1.6208333333333331,62.54166666666666,48.41666666666666,0,6,9,4,0.3333333333333215,62.208333333333336,56.79166666666666,56.833333333333336,27.9,84,26.4,0.9
2024-09-07,49.925,17.479166666666668,227.41666666666663,14.225,5.454166666666667,44.583333333333336,0.3958333333333333,63.833333333333336,1.5166666666666666,64.04166666666667,60.208333333333336,0,7,9,5,1.5000000000000142,62.54166666666666,53.25,67.83333333333333,27.5,83,20.9,0.2
2024-09-08,48.04166666666666,14.8375,229.5,14.454166666666666,5.629166666666666,47.458333333333336,0.3270833333333333,69.08333333333333,1.7770833333333331,58.958333333333336,59.125,0,8,9,6,-5.083333333333336,64.04166666666667,49.75,92.33333333333331,27.5,84,20.7,0.1
2024-09-09,66.27916666666667,17.366666666666667,200.91666666666663,12.045833333333334,4.816666666666666,51.708333333333336,0.4291666666666667,108.58333333333331,1.7687499999999998,56.833333333333336,58.04166666666666,0,9,9,0,-2.125,58.958333333333336,57.125,108.375,27.6,82,26.2,0.0
2024-09-10,90.07916666666668,24.695833333333336,234.125,14.254166666666668,5.3625,53.208333333333336,0.5391666666666667,141.29166666666666,1.5,67.83333333333333,70.83333333333333,0,10,9,1,10.999999999999993,56.833333333333336,57.04166666666666,90.20833333333331,27.5,83,22.9,0.5
2024-09-11,168.1875,37.17916666666667,247.45833333333331,14.575,6.758333333333333,64.95833333333333,0.52,315.3333333333333,1.7958333333333334,92.33333333333331,92.33333333333331,0,11,9,2,24.499999999999986,67.83333333333333,62.79166666666666,74.20833333333333,27.5,82,19.6,0.2
2024-09-12,172.32916666666665,36.32083333333333,213.125,11.391666666666666,5.291666666666667,62.66666666666666,0.4675,334.8333333333333,1.975,108.375,108.79166666666669,0,12,9,3,16.041666666666686,92.33333333333331,62.208333333333336,70.79166666666667,27.9,79,25.4,0.0
2024-09-13,83.99583333333334,22.804166666666664,168.33333333333334,7.795833333333333,3.7,57.083333333333336,0.5554166666666667,130.5,1.75625,90.20833333333331,92.125,0,13,9,4,-18.166666666666686,108.375,62.54166666666666,70.83333333333333,28.0,74,31.4,0.1
2024-09-14,74.40416666666667,23.266666666666666,169.375,7.716666666666666,3.6875,59.25,0.495,104.875,1.63125,74.20833333333333,72.41666666666667,0,14,9,5,-15.999999999999986,90.20833333333331,64.04166666666667,66.625,28.2,72,32.4,0.0
2024-09-15,51.6125,21.2875,181.375,8.366666666666667,4.120833333333333,57.75,0.4966666666666666,48.25,1.5645833333333334,70.79166666666667,64.45833333333333,0,15,9,6,-3.416666666666657,74.20833333333333,58.958333333333336,60.66666666666666,28.0,72,27.4,0.0
2024-09-16,50.7875,21.425,181.375,9.033333333333331,4.341666666666667,54.708333333333336,0.49625,46.25,1.7520833333333332,70.83333333333333,60.708333333333336,0,16,9,0,0.04166666666665719,70.79166666666667,56.833333333333336,58.66666666666666,27.9,75,26.1,0.5
2024-09-17,51.875,17.895833333333332,187.83333333333331,9.620833333333334,4.6875,53.583333333333336,0.5287499999999999,63.16666666666666,1.6666666666666667,66.625,59.91666666666666,0,17,9,1,-4.208333333333329,70.83333333333333,67.83333333333333,60.208333333333336,28.3,77,25.8,0.0
2024-09-18,47.61666666666667,16.008333333333333,205.70833333333331,11.0875,5.6125,59.125,0.4129166666666666,58.66666666666666,1.93125,60.66666666666666,59.41666666666666,0,18,9,2,-5.958333333333343,66.625,92.33333333333331,62.875,28.3,78,23.8,0.0
2024-09-19,57.03333333333333,17.054166666666667,221.41666666666663,13.9875,7.295833333333333,62.083333333333336,0.3695833333333333,80.66666666666667,2.0708333333333333,58.66666666666666,57.625,0,19,9,3,-2.0,60.66666666666666,108.375,70.66666666666667,28.2,80,23.5,0.0
2024-09-20,53.35416666666666,16.679166666666667,220.04166666666663,12.65,6.245833333333334,60.04166666666666,0.3691666666666666,73.16666666666667,2.0541666666666667,60.208333333333336,62.625,0,20,9,4,1.5416666666666785,58.66666666666666,90.20833333333331,69.83333333333333,28.2,81,25.0,0.0
2024-09-21,62.1125,20.10833333333333,197.20833333333331,9.220833333333331,5.179166666666666,59.458333333333336,0.3329166666666667,79.625,2.1,62.875,62.29166666666666,0,21,9,5,2.6666666666666643,60.208333333333336,74.20833333333333,67.08333333333333,28.3,75,25.5,0.0
2024-09-22,70.82916666666667,22.25,195.79166666666663,8.854166666666666,4.925,60.958333333333336,0.3420833333333333,95.58333333333331,2.0187500000000003,70.66666666666667,67.16666666666667,0,22,9,6,7.791666666666671,62.875,70.79166666666667,65.41666666666667,28.5,73,25.9,0.0
2024-09-23,62.325,20.4375,197.25,8.637500000000001,4.858333333333333,61.125,0.3195833333333333,80.33333333333333,2.0708333333333333,69.83333333333333,66.75,0,23,9,0,-0.8333333333333428,70.66666666666667,70.83333333333333,64.5,28.9,73,26.8,0.0
2024-09-24,55.5375,19.5,192.75,8.983333333333333,5.154166666666667,60.208333333333336,0.255,66.70833333333333,2.1354166666666665,67.08333333333333,63.875,0,24,9,1,-2.75,69.83333333333333,66.625,62.04166666666666,29.0,73,26.9,0.0
2024-09-25,43.43333333333334,18.695833333333333,192.79166666666663,10.575,5.5125,56.333333333333336,0.2425,36.79166666666666,2.158333333333333,65.41666666666667,56.41666666666666,0,25,9,2,-1.6666666666666572,67.08333333333333,60.66666666666666,64.16666666666667,28.9,75,24.7,0.0
2024-09-26,47.775,18.65,200.08333333333331,10.866666666666667,5.3,55.29166666666666,0.2895833333333333,51.708333333333336,2.075,64.5,50.875,0,26,9,3,-0.9166666666666714,65.41666666666667,58.66666666666666,61.25,29.1,74,25.1,0.0
2024-09-27,50.3125,17.954166666666666,179.70833333333334,8.404166666666667,4.445833333333334,52.79166666666666,0.33125,60.375,1.9583333333333333,62.04166666666666,55.958333333333336,0,27,9,4,-2.458333333333343,64.5,60.208333333333336,57.29166666666666,29.1,76,28.8,0.0
2024-09-28,51.57916666666667,17.8875,177.375,8.1875,4.2875000000000005,53.41666666666666,0.375,61.79166666666666,1.7916666666666667,64.16666666666667,60.66666666666666,0,28,9,5,2.125000000000014,62.04166666666666,62.875,50.458333333333336,29.2,74,25.2,0.0
2024-09-29,64.3,17.154166666666665,182.29166666666663,9.841666666666669,5.058333333333334,53.208333333333336,0.3687499999999999,102.125,1.8604166666666664,61.25,62.54166666666666,0,29,9,6,-2.9166666666666714,64.16666666666667,70.66666666666667,49.16666666666666,28.7,74,23.7,0.0
2024-09-30,33.237500000000004,13.391666666666666,177.79166666666666,10.295833333333333,5.116666666666666,49.375,0.2554166666666667,33.833333333333336,2.0375,57.29166666666666,55.16666666666666,0,30,9,0,-3.958333333333343,61.25,69.83333333333333,53.833333333333336,28.7,75,25.7,0.0
2024-10-01,24.541666666666668,11.529166666666669,204.0,10.458333333333334,4.691666666666666,47.375,0.2091666666666666,15.541666666666666,2.125,50.458333333333336,29.08333333333333,0,1,10,1,-6.8333333333333215,57.29166666666666,67.08333333333333,55.25,28.9,77,27.2,0.0
2024-10-02,28.666666666666668,12.8625,197.41666666666663,9.520833333333334,4.504166666666666,49.583333333333336,0.2495833333333333,18.95833333333333,1.99375,49.16666666666666,26.25,0,2,10,2,-1.2916666666666785,50.458333333333336,65.41666666666667,57.79166666666666,28.9,79,28.4,0.0
2024-10-03,32.02916666666667,13.879166666666668,191.66666666666663,7.866666666666667,3.9583333333333335,52.833333333333336,0.3033333333333333,22.83333333333333,1.93125,53.833333333333336,32.083333333333336,0,3,10,3,4.6666666666666785,49.16666666666666,64.5,58.5,28.8,79,30.6,0.0
2024-10-04,35.050000000000004,15.458333333333334,180.875,7.279166666666666,3.704166666666667,51.333333333333336,0.29,24.791666666666668,1.8333333333333333,55.25,32.791666666666664,0,4,10,4,1.4166666666666643,53.833333333333336,62.04166666666666,65.875,28.7,80,31.0,0.0
2024-10-05,39.520833333333336,15.479166666666666,175.95833333333334,8.862499999999999,4.375,49.875,0.36,37.29166666666666,1.5,57.79166666666666,37.66666666666666,0,5,10,5,2.541666666666657,55.25,64.16666666666667,73.45833333333333,28.7,78,26.3,0.0
2024-10-06,46.93333333333334,17.179166666666667,222.5,12.579166666666666,7.020833333333333,54.04166666666666,0.3445833333333333,51.125,1.3479166666666669,58.5,44.333333333333336,0,6,10,6,0.7083333333333428,57.79166666666666,61.25,77.79166666666667,28.4,78,22.8,0.0
2024-10-07,47.84583333333333,19.54583333333333,275.8333333333333,17.154166666666665,12.266666666666666,72.25,0.2379166666666666,50.0,1.75625,65.875,56.708333333333336,0,7,10,0,7.375,58.5,57.29166666666666,84.20833333333333,29.1,68,19.6,0.0
2024-10-08,43.325,22.1125,337.4166666666667,20.075,11.9,85.83333333333333,0.3516666666666666,26.875,1.5083333333333335,73.45833333333333,54.91666666666666,0,8,10,1,7.583333333333329,65.875,50.458333333333336,80.16666666666667,31.2,49,21.8,0.0
2024-10-09,47.25416666666666,26.379166666666663,343.0416666666667,19.5875,7.829166666666667,79.75,0.3591666666666667,19.375,1.5979166666666669,77.79166666666667,57.875,0,9,10,2,4.333333333333343,73.45833333333333,49.16666666666666,112.70833333333331,31.6,49,26.9,0.0
2024-10-10,49.32916666666667,27.070833333333336,445.25,27.98333333333333,9.820833333333333,73.41666666666667,0.3729166666666666,23.45833333333333,1.55625,84.20833333333333,62.16666666666666,0,10,10,3,6.416666666666657,77.79166666666667,53.833333333333336,104.33333333333331,31.0,56,24.0,0.0
2024-10-11,55.77916666666667,27.5125,455.5416666666667,25.329166666666666,11.958333333333334,81.70833333333333,0.3025,37.16666666666666,1.65625,80.16666666666667,60.0,0,11,10,4,-4.041666666666657,84.20833333333333,55.25,76.79166666666667,31.7,46,27.0,0.0
2024-10-12,79.75416666666666,41.22083333333333,481.8333333333333,23.308333333333334,17.712500000000002,116.75,0.3925,34.625,1.5520833333333333,112.70833333333331,69.5,0,12,10,5,32.54166666666664,80.16666666666667,57.79166666666666,89.45833333333333,30.5,58,25.6,0.0
2024-10-13,46.15,28.29583333333333,413.8333333333333,23.758333333333336,15.658333333333331,79.04166666666667,0.285,7.375,1.2083333333333333,104.33333333333331,69.58333333333333,0,13,10,6,-8.375,112.70833333333331,58.5,81.25,29.9,69,20.3,0.0
2024-10-14,38.075,24.704166666666666,370.375,19.14583333333333,16.133333333333333,86.04166666666667,0.3370833333333333,3.4166666666666665,1.0520833333333333,76.79166666666667,57.66666666666666,0,14,10,0,-27.541666666666643,104.33333333333331,65.875,68.41666666666667,30.6,61,14.7,0.0
2024-10-15,40.954166666666666,26.004166666666663,352.375,17.041666666666668,14.329166666666666,110.0,0.41625,2.6666666666666665,1.56875,89.45833333333333,61.54166666666666,0,15,10,1,12.666666666666657,76.79166666666667,73.45833333333333,75.75,31.1,56,28.8,0.3
2024-10-16,35.083333333333336,21.666666666666668,315.9166666666667,14.695833333333333,8.733333333333333,100.08333333333331,0.3058333333333333,2.083333333333333,1.6604166666666669,81.25,57.958333333333336,0,16,10,2,-8.208333333333329,89.45833333333333,77.79166666666667,87.79166666666667,30.8,64,25.2,0.0
2024-10-17,35.625,20.666666666666668,305.2083333333333,15.325,6.525,74.375,0.2333333333333333,6.083333333333333,1.76875,68.41666666666667,45.083333333333336,0,17,10,3,-12.833333333333329,81.25,84.20833333333333,84.75,29.9,74,23.0,0.0
2024-10-18,35.78333333333333,22.3875,409.4583333333333,22.975,13.791666666666666,77.66666666666667,0.2695833333333333,3.875,1.68125,75.75,50.66666666666666,0,18,10,4,7.333333333333329,68.41666666666667,80.16666666666667,73.70833333333333,29.2,76,20.0,0.0
2024-10-19,41.6,25.6125,384.25,20.729166666666668,11.683333333333332,92.16666666666669,0.3266666666666666,4.5,1.5625,87.79166666666667,57.91666666666666,0,19,10,5,12.041666666666671,75.75,112.70833333333331,74.29166666666667,30.6,59,23.0,0.0
2024-10-20,39.275,23.508333333333336,390.9583333333333,21.125,8.929166666666667,87.58333333333333,0.3745833333333333,4.375,1.5520833333333333,84.75,61.5,0,20,10,6,-3.0416666666666714,87.79166666666667,104.33333333333331,95.70833333333331,30.7,58,21.7,0.0
2024-10-21,34.45,19.183333333333334,332.3333333333333,17.266666666666666,8.475,81.91666666666667,0.3899999999999999,7.541666666666667,1.48125,73.70833333333333,49.29166666666666,0,21,10,0,-11.041666666666671,84.75,76.79166666666667,94.58333333333331,29.5,71,26.5,0.0
2024-10-22,47.825,26.3375,346.6666666666667,17.0625,8.720833333333333,90.125,0.3758333333333333,11.791666666666666,1.5604166666666668,74.29166666666667,50.083333333333336,0,22,10,1,0.5833333333333428,73.70833333333333,89.45833333333333,67.83333333333333,29.7,66,29.4,0.0
2024-10-23,58.82083333333333,33.65833333333333,417.7916666666667,22.70833333333333,9.8,85.66666666666667,0.3654166666666666,12.625,1.4875,95.70833333333331,66.25,0,23,10,2,21.416666666666643,74.29166666666667,81.25,55.833333333333336,29.3,72,25.6,0.2
2024-10-24,46.0125,24.65,516.9583333333334,29.191666666666663,11.2375,80.875,0.2845833333333333,19.83333333333333,1.4770833333333335,94.58333333333331,64.54166666666667,0,24,10,3,-1.125,95.70833333333331,68.41666666666667,66.54166666666667,30.0,59,23.2,0.0
2024-10-25,36.41666666666666,15.775,362.5,21.308333333333334,7.341666666666666,74.79166666666667,0.1941666666666666,31.45833333333333,1.6083333333333334,67.83333333333333,48.583333333333336,0,25,10,4,-26.749999999999986,94.58333333333331,75.75,89.25,30.5,59,21.3,0.0
2024-10-26,47.9375,16.141666666666666,401.4166666666667,18.883333333333333,5.916666666666667,70.83333333333333,0.1716666666666666,59.16666666666666,1.6395833333333334,55.833333333333336,42.75,0,26,10,5,-11.999999999999993,67.83333333333333,87.79166666666667,99.66666666666669,30.1,70,23.0,0.0
2024-10-27,77.10833333333333,26.979166666666668,794.5833333333334,27.0,9.454166666666667,70.70833333333333,0.2220833333333333,104.91666666666669,1.50625,66.54166666666667,62.125,0,27,10,6,10.708333333333336,55.833333333333336,84.75,117.625,30.1,67,20.1,0.0
2024-10-28,77.3,30.7875,572.0833333333334,20.554166666666667,6.65,68.125,0.1770833333333333,85.29166666666667,1.616666666666667,89.25,73.5,0,28,10,0,22.70833333333333,66.54166666666667,73.70833333333333,104.79166666666669,29.2,77,19.9,0.0
2024-10-29,119.19166666666666,41.36666666666667,579.0833333333334,17.679166666666667,5.966666666666666,71.58333333333333,0.3725,159.375,1.3854166666666667,99.66666666666669,76.04166666666667,0,29,10,1,10.416666666666686,89.25,74.29166666666667,99.58333333333331,28.7,81,22.1,0.0
2024-10-30,141.03333333333333,38.775,494.5416666666667,21.2375,6.691666666666666,68.125,0.3325,234.16666666666663,1.45,117.625,96.79166666666669,0,30,10,2,17.958333333333314,99.66666666666669,95.70833333333331,78.95833333333333,28.3,83,23.9,0.0
2024-10-31,101.10833333333332,37.8875,517.25,26.2,10.058333333333334,73.41666666666667,0.2983333333333333,130.08333333333334,1.4104166666666669,104.79166666666669,86.58333333333333,0,31,10,3,-12.833333333333314,117.625,94.58333333333331,81.95833333333333,28.2,79,18.6,0.0
2024-11-01,68.59166666666667,29.7375,463.5833333333333,25.354166666666668,7.979166666666667,63.875,0.2245833333333333,73.58333333333333,1.3729166666666668,99.58333333333331,76.20833333333333,0,1,11,4,-5.208333333333371,104.79166666666669,67.83333333333333,82.91666666666667,28.7,72,21.2,0.0
2024-11-02,51.8,24.25,541.3333333333334,21.275,6.25,63.5,0.1808333333333333,43.208333333333336,1.414583333333333,78.95833333333333,62.125,0,2,11,5,-20.624999999999986,99.58333333333331,55.833333333333336,80.5,28.2,80,20.4,0.0
2024-11-03,59.10833333333333,27.40833333333333,749.5833333333334,29.42083333333333,9.4125,59.54166666666666,0.2020833333333333,52.333333333333336,1.3479166666666669,81.95833333333333,63.375,0,3,11,6,3.0,78.95833333333333,66.54166666666667,83.91666666666667,27.5,83,16.3,0.0
2024-11-04,49.8125,25.79583333333333,729.5833333333334,31.041666666666668,11.041666666666666,68.54166666666667,0.1708333333333333,34.041666666666664,1.44375,82.91666666666667,62.41666666666666,0,4,11,0,0.9583333333333428,81.95833333333333,89.25,82.29166666666667,27.3,75,19.9,0.0
2024-11-05,48.72916666666666,28.03333333333333,583.1666666666666,29.354166666666668,9.345833333333331,73.08333333333333,0.1908333333333333,15.0,1.3791666666666669,80.5,61.0,0,5,11,1,-2.4166666666666714,82.91666666666667,99.66666666666669,72.66666666666667,27.3,72,17.0,0.0
2024-11-06,42.55833333333333,25.70833333333333,626.625,28.77083333333333,8.924999999999999,73.83333333333333,0.1729166666666667,6.0,1.3833333333333335,83.91666666666667,62.333333333333336,0,6,11,2,3.4166666666666714,80.5,117.625,68.79166666666667,27.5,72,20.3,0.0
2024-11-07,48.04166666666666,27.20833333333333,553.2916666666666,22.575,6.7875000000000005,72.70833333333333,0.2029166666666666,11.208333333333334,1.3395833333333331,82.29166666666667,61.79166666666666,0,7,11,3,-1.625,83.91666666666667,104.79166666666669,68.875,27.7,80,22.0,0.0
2024-11-08,39.56666666666667,19.48333333333333,776.2916666666666,20.42083333333333,7.233333333333333,68.45833333333333,0.1558333333333333,23.041666666666668,1.3166666666666669,72.66666666666667,50.958333333333336,0,8,11,4,-9.625,82.29166666666667,99.58333333333331,72.54166666666667,28.1,77,20.1,0.0
2024-11-09,43.24166666666667,21.4875,642.75,24.683333333333334,7.55,65.20833333333333,0.14125,24.625,1.3104166666666666,68.79166666666667,46.0,0,9,11,5,-3.875,72.66666666666667,78.95833333333333,77.54166666666667,27.3,78,19.4,0.0
2024-11-10,40.71666666666667,20.77083333333333,570.8333333333334,25.054166666666664,6.65,57.333333333333336,0.1470833333333333,21.5,1.2916666666666667,68.875,44.16666666666666,0,10,11,6,0.0833333333333286,68.79166666666667,81.95833333333333,104.04166666666669,27.2,77,20.7,0.0
2024-11-11,48.275,23.425,806.0,26.14583333333333,7.1125,55.29166666666666,0.1929166666666666,32.25,1.2166666666666666,72.54166666666667,50.5,0,11,11,0,3.6666666666666714,68.875,82.91666666666667,107.45833333333331,27.0,78,20.1,0.0
2024-11-12,59.9625,29.34166666666667,938.4583333333334,34.708333333333336,12.383333333333333,49.04166666666666,0.1941666666666666,49.16666666666666,1.20625,77.54166666666667,61.333333333333336,0,12,11,1,5.0,72.54166666666667,80.5,112.95833333333331,27.3,76,17.7,0.0
2024-11-13,56.675,41.454166666666666,803.4166666666666,42.641666666666666,25.891666666666666,56.125,0.26,26.08333333333333,1.1833333333333331,104.04166666666669,69.625,0,13,11,2,26.500000000000014,77.54166666666667,83.91666666666667,107.25,27.1,68,10.6,0.0
2024-11-14,45.60416666666666,37.97083333333333,754.0833333333334,38.22083333333333,22.666666666666668,65.70833333333333,0.33625,12.708333333333334,1.11875,107.45833333333331,70.625,0,14,11,3,3.4166666666666288,104.04166666666669,82.29166666666667,90.95833333333331,26.8,61,10.7,0.0
2024-11-15,43.39166666666667,39.92916666666667,692.0,28.991666666666664,20.866666666666667,91.79166666666669,0.41875,5.875,1.0270833333333331,112.95833333333331,71.0,0,15,11,4,5.5,107.45833333333331,72.66666666666667,99.33333333333331,26.8,53,10.6,0.0
2024-11-16,38.575,33.59166666666667,807.125,28.98333333333333,20.375,83.95833333333333,0.3045833333333334,8.458333333333334,1.125,107.25,70.5,0,16,11,5,-5.708333333333314,112.95833333333331,68.79166666666667,124.45833333333331,26.8,65,12.4,0.0
2024-11-17,40.09166666666667,30.454166666666666,917.875,31.65416666666667,19.991666666666667,69.75,0.3658333333333333,15.125,1.0041666666666669,90.95833333333331,64.83333333333333,0,17,11,6,-16.291666666666686,107.25,68.875,97.375,26.6,69,14.9,0.0
2024-11-18,51.0375,42.1125,972.2083333333334,42.925,22.354166666666668,62.54166666666666,0.3945833333333333,16.0,1.05625,99.33333333333331,67.91666666666667,0,18,11,0,8.375,90.95833333333331,72.54166666666667,93.5,27.2,55,17.1,0.0
2024-11-19,48.1375,41.9625,929.6666666666666,40.458333333333336,21.229166666666668,63.833333333333336,0.3345833333333333,10.958333333333334,1.1083333333333334,124.45833333333331,76.25,0,19,11,1,25.125,99.33333333333331,77.54166666666667,81.54166666666667,26.9,53,12.6,0.0
2024-11-20,32.90833333333333,28.504166666666663,851.5416666666666,28.0875,18.025,72.20833333333333,0.2466666666666666,6.916666666666667,1.1729166666666666,97.375,67.29166666666667,0,20,11,2,-27.083333333333314,124.45833333333331,104.04166666666669,70.66666666666667,26.3,57,12.8,0.0
2024-11-21,36.016666666666666,32.6625,1046.75,35.833333333333336,21.120833333333334,59.583333333333336,0.2391666666666666,4.75,1.1604166666666669,93.5,65.875,0,21,11,3,-3.875,97.375,107.45833333333331,78.66666666666667,25.8,66,12.1,0.0
2024-11-22,26.33333333333333,23.366666666666664,973.4583333333334,27.120833333333334,18.6375,75.45833333333333,0.24125,3.0416666666666665,1.1125,81.54166666666667,59.91666666666666,0,22,11,4,-11.958333333333329,93.5,112.95833333333331,97.95833333333331,26.1,66,14.4,0.0
2024-11-23,25.05,21.370833333333334,962.9583333333334,26.495833333333334,16.504166666666666,67.91666666666667,0.2016666666666666,3.75,1.0979166666666669,70.66666666666667,48.66666666666666,0,23,11,5,-10.875,81.54166666666667,107.25,127.125,26.4,65,12.5,0.0
2024-11-24,33.80833333333333,28.870833333333334,1013.9583333333334,34.47083333333334,23.54583333333333,72.0,0.26,6.708333333333333,1.0395833333333333,78.66666666666667,56.583333333333336,0,24,11,6,8.0,70.66666666666667,90.95833333333331,95.75,26.2,67,10.1,0.0
2024-11-25,46.525,40.72916666666666,959.2916666666666,53.52916666666667,28.445833333333336,65.875,0.2604166666666667,10.25,1.1208333333333331,97.95833333333331,66.875,0,25,11,0,19.291666666666643,78.66666666666667,99.33333333333331,98.0,25.8,53,11.5,0.0
2024-11-26,48.62083333333334,41.99583333333333,1009.1666666666666,48.99166666666667,28.454166666666666,60.25,0.245,11.458333333333334,1.05625,127.125,77.08333333333333,0,26,11,1,29.166666666666686,97.95833333333331,124.45833333333331,85.625,25.6,58,12.3,0.0
2024-11-27,38.0375,28.46666666666667,1102.5,40.65416666666667,20.204166666666666,53.875,0.185,13.208333333333334,1.0729166666666667,95.75,66.625,0,27,11,2,-31.375,127.125,97.375,88.04166666666667,26.1,71,12.4,0.0
2024-11-28,43.24583333333334,36.225,1461.4583333333333,44.0,29.29583333333333,52.333333333333336,0.22875,9.083333333333334,1.0020833333333334,98.0,67.45833333333333,0,28,11,3,2.25,95.75,93.5,122.875,25.9,75,11.5,0.0
2024-11-29,32.2,25.77083333333333,869.875,33.40833333333333,23.40833333333333,63.25,0.2279166666666666,9.416666666666666,1.04375,85.625,63.25,0,29,11,4,-12.375,98.0,81.54166666666667,128.04166666666666,25.5,73,11.4,0.0
2024-11-30,40.7375,37.375,829.125,37.74583333333333,18.629166666666663,65.29166666666667,0.3145833333333333,5.833333333333333,1.0145833333333332,88.04166666666667,63.75,0,30,11,5,2.4166666666666714,85.625,70.66666666666667,120.54166666666669,25.9,56,11.5,0.0
2024-12-01,52.7,50.2375,1113.7916666666667,36.87083333333333,23.2125,78.75,0.35375,4.416666666666667,0.95,122.875,75.70833333333333,0,1,12,6,34.83333333333333,88.04166666666667,78.66666666666667,126.08333333333331,24.8,42,11.1,0.0
2024-12-02,44.833333333333336,42.17916666666667,938.7916666666666,36.60833333333333,17.579166666666666,74.25,0.3041666666666666,5.041666666666667,0.9479166666666666,128.04166666666666,77.375,0,2,12,0,5.166666666666657,122.875,97.95833333333331,134.5,25.1,39,9.9,0.0
2024-12-03,47.625,43.74583333333334,613.4166666666666,15.908333333333331,15.995833333333332,94.95833333333331,0.2966666666666667,7.0,0.9875,120.54166666666669,74.95833333333333,0,3,12,1,-7.499999999999972,128.04166666666666,127.125,124.45833333333331,25.3,44,13.6,0.0
2024-12-04,53.90416666666667,47.73333333333333,701.7083333333334,15.441666666666668,18.995833333333334,96.25,0.34,11.458333333333334,0.9645833333333336,126.08333333333331,76.75,0,4,12,2,5.541666666666629,120.54166666666669,95.75,86.25,25.5,42,16.1,0.0
2024-12-05,58.88333333333333,50.04583333333333,1093.7083333333333,28.925,22.59166666666667,72.33333333333333,0.2708333333333333,16.291666666666668,0.9895833333333334,134.5,79.45833333333333,0,5,12,3,8.416666666666686,126.08333333333331,98.0,97.5,24.1,50,10.9,0.0
2024-12-06,57.38333333333333,36.65833333333333,1179.2916666666667,38.44166666666667,28.704166666666666,62.41666666666666,0.1483333333333333,36.083333333333336,1.0625,124.45833333333331,76.16666666666667,0,6,12,4,-10.041666666666686,134.5,85.625,82.79166666666667,23.5,57,9.3,0.0
2024-12-07,35.27916666666667,32.1,828.8333333333334,47.34583333333333,29.9625,56.91666666666666,0.1104166666666666,5.125,1.09375,86.25,63.583333333333336,0,7,12,5,-38.208333333333314,124.45833333333331,88.04166666666667,76.125,22.6,33,10.0,0.0
2024-12-08,38.975,29.204166666666666,460.8333333333333,37.92083333333333,18.566666666666663,54.333333333333336,0.1041666666666666,18.041666666666668,1.0541666666666667,97.5,67.45833333333333,0,8,12,6,11.25,86.25,122.875,100.5,22.3,14,14.8,0.0
2024-12-09,37.145833333333336,25.866666666666664,1039.25,35.6625,14.391666666666666,52.75,0.10875,20.45833333333333,1.0291666666666666,82.79166666666667,61.958333333333336,0,9,12,0,-14.708333333333329,97.5,128.04166666666666,107.70833333333331,20.4,22,10.9,0.0
2024-12-10,32.46666666666667,29.6875,1030.7916666666667,28.3,16.570833333333333,65.75,0.1345833333333333,4.666666666666667,1.01875,76.125,56.29166666666666,0,10,12,1,-6.666666666666671,82.79166666666667,120.54166666666669,66.29166666666667,20.4,27,10.3,0.0
2024-12-11,44.94166666666667,39.95,1033.5833333333333,43.225,26.229166666666668,60.79166666666666,0.1804166666666666,8.958333333333334,0.9875,100.5,68.41666666666667,0,11,12,2,24.375,76.125,126.08333333333331,76.16666666666667,20.2,31,8.0,0.0
2024-12-12,32.88333333333333,28.616666666666664,643.6666666666666,33.59583333333333,15.075,61.04166666666666,0.1529166666666666,7.75,0.9979166666666668,107.70833333333331,70.79166666666667,0,12,12,3,7.208333333333314,100.5,134.5,80.83333333333333,19.6,30,11.4,0.0
2024-12-13,20.6625,17.525000000000002,535.875,14.125,13.441666666666668,81.33333333333333,0.1025,5.25,1.0229166666666667,66.29166666666667,46.0,0,13,12,4,-41.41666666666664,107.70833333333331,124.45833333333331,78.79166666666667,19.1,26,18.2,0.0
2024-12-14,28.916666666666668,27.73333333333333,695.0,15.8375,18.291666666666668,93.625,0.165,2.2916666666666665,0.9708333333333332,76.16666666666667,54.54166666666666,0,14,12,5,9.875,66.29166666666667,86.25,100.54166666666669,19.9,26,14.1,0.0
2024-12-15,26.129166666666663,25.416666666666668,883.75,29.008333333333336,20.875,79.70833333333333,0.1454166666666666,1.25,0.98125,80.83333333333333,60.625,0,15,12,6,4.666666666666657,76.16666666666667,97.5,103.08333333333331,19.4,29,11.2,0.0
2024-12-16,29.1625,28.804166666666664,1062.3333333333333,38.32083333333333,23.954166666666666,65.0,0.1654166666666666,0.5416666666666666,1.0229166666666667,78.79166666666667,60.29166666666666,0,16,12,0,-2.041666666666657,80.83333333333333,82.79166666666667,108.70833333333331,20.3,31,10.6,0.0
2024-12-17,57.075,38.09166666666666,904.0833333333334,28.6375,20.4125,69.54166666666667,0.28875,36.125,0.9833333333333334,100.54166666666669,68.29166666666667,0,17,12,1,21.750000000000014,78.79166666666667,76.125,98.33333333333331,20.1,36,9.8,0.0
2024-12-18,41.65,36.87916666666667,729.75,21.42083333333333,18.966666666666665,86.25,0.2675,8.833333333333334,0.9229166666666666,103.08333333333331,69.41666666666667,0,18,12,2,2.5416666666666288,100.54166666666669,100.5,98.58333333333331,20.8,28,12.7,0.0
2024-12-19,43.93333333333334,39.72083333333333,928.5,27.116666666666664,22.804166666666664,86.875,0.2741666666666666,7.666666666666667,0.8958333333333334,108.70833333333331,71.20833333333333,0,19,12,3,5.625,103.08333333333331,107.70833333333331,124.33333333333331,19.8,34,9.9,0.0
2024-12-20,33.6,29.941666666666663,777.6666666666666,20.825,19.779166666666665,80.70833333333333,0.21375,6.625,0.9458333333333332,98.33333333333331,67.625,0,20,12,4,-10.375,108.70833333333331,66.29166666666667,134.875,19.4,32,12.1,0.0
2024-12-21,41.825,40.208333333333336,790.5416666666666,18.454166666666666,23.570833333333336,104.875,0.2395833333333333,2.708333333333333,0.9354166666666668,98.58333333333331,67.375,0,21,12,5,0.25,98.33333333333331,76.16666666666667,154.45833333333334,18.7,30,12.0,0.0
2024-12-22,53.6875,47.19166666666666,1076.875,26.879166666666663,24.2875,86.33333333333333,0.3258333333333333,11.625,0.875,124.33333333333331,76.20833333333333,0,22,12,6,25.75,98.58333333333331,80.83333333333333,156.54166666666666,18.7,43,11.4,0.0
2024-12-23,70.54583333333333,56.76666666666667,1171.0,40.7,26.8,66.91666666666667,0.3266666666666666,24.416666666666668,0.8979166666666667,134.875,79.58333333333333,0,23,12,0,10.541666666666686,124.33333333333331,78.79166666666667,155.33333333333334,19.4,55,10.5,0.0
2024-12-24,69.425,68.07916666666667,880.2916666666666,20.116666666666667,21.59583333333333,95.83333333333331,0.4295833333333334,2.0,0.84375,154.45833333333334,91.08333333333331,0,24,12,1,19.583333333333343,134.875,100.54166666666669,135.0,19.1,37,11.8,0.0
2024-12-25,67.75833333333334,66.79166666666667,878.3333333333334,14.9,23.2125,113.83333333333331,0.43,1.3333333333333333,0.85,156.54166666666666,94.25,0,25,12,2,2.0833333333333144,154.45833333333334,103.08333333333331,96.625,18.7,40,14.1,0.0
2024-12-26,60.97916666666666,59.3625,838.4583333333334,17.258333333333333,24.77916666666667,105.75,0.36375,2.583333333333333,0.9083333333333332,155.33333333333334,92.45833333333331,0,26,12,3,-1.2083333333333144,156.54166666666666,108.70833333333331,79.41666666666667,18.9,38,12.4,0.0
2024-12-27,43.775,42.3125,1341.8333333333333,28.004166666666663,22.27916666666667,84.83333333333333,0.2229166666666666,2.208333333333333,0.9604166666666668,135.0,79.79166666666667,0,27,12,4,-20.333333333333343,155.33333333333334,98.33333333333331,92.95833333333331,18.9,36,10.8,0.0
2024-12-28,27.35,25.4125,976.8333333333334,34.4375,21.633333333333336,65.25,0.1125,3.375,1.0416666666666667,96.625,66.95833333333333,0,28,12,5,-38.375,135.0,98.58333333333331,117.54166666666669,18.6,31,11.5,0.0
2024-12-29,31.45833333333333,28.266666666666666,931.5416666666666,31.945833333333336,17.283333333333335,69.125,0.1470833333333333,5.541666666666667,1.03125,79.41666666666667,60.583333333333336,0,29,12,6,-17.20833333333333,96.625,124.33333333333331,98.875,19.0,35,11.3,0.0
2024-12-30,40.458333333333336,39.72083333333333,1220.125,28.9,19.3,86.08333333333333,0.1920833333333333,1.1666666666666667,0.99375,92.95833333333331,65.75,0,30,12,0,13.541666666666643,79.41666666666667,134.875,123.375,19.6,33,11.5,0.0
2024-12-31,40.02916666666667,39.079166666666666,1384.0833333333333,30.84583333333333,18.65833333333333,73.08333333333333,0.2020833333333333,1.75,1.0104166666666667,117.54166666666669,74.04166666666667,0,31,12,1,24.58333333333337,92.95833333333331,154.45833333333334,150.83333333333334,19.8,35,8.7,0.0
2025-01-01,40.68333333333333,37.52916666666667,972.75,20.754166666666663,17.966666666666665,90.91666666666669,0.2220833333333333,5.958333333333333,0.9958333333333332,98.875,67.875,0,1,1,2,-18.666666666666686,117.54166666666669,156.54166666666666,156.33333333333334,20.4,35,10.5,0.0
2025-01-02,55.4,51.3375,1431.6666666666667,32.391666666666666,23.758333333333336,89.875,0.2345833333333333,7.5,0.9875,123.375,75.95833333333333,0,2,1,3,24.5,98.875,155.33333333333334,104.70833333333331,19.8,45,9.6,0.0
2025-01-03,72.95833333333333,66.60833333333333,1241.0416666666667,35.795833333333334,30.425,98.16666666666669,0.4595833333333333,11.958333333333334,0.8812500000000001,150.83333333333334,87.75,0,3,1,4,27.458333333333343,123.375,135.0,106.5,19.9,55,11.5,0.0
2025-01-04,69.32916666666667,51.67916666666667,776.3333333333334,36.06666666666667,24.8125,65.79166666666667,0.2704166666666667,32.125,1.075,156.33333333333334,94.08333333333331,0,4,1,5,5.5,150.83333333333334,96.625,75.04166666666667,20.6,55,14.1,0.0
2025-01-05,55.06666666666666,40.22083333333333,908.6666666666666,39.32083333333333,26.183333333333334,67.33333333333333,0.21125,26.95833333333333,1.0354166666666669,104.70833333333331,69.66666666666667,0,5,1,6,-51.62500000000003,156.33333333333334,79.41666666666667,80.75,18.1,47,10.7,0.0
2025-01-06,35.25833333333333,31.079166666666666,1103.7083333333333,41.30833333333333,21.633333333333336,53.66666666666666,0.1383333333333333,8.041666666666666,1.1479166666666667,106.5,70.375,0,6,1,0,1.7916666666666856,104.70833333333331,92.95833333333331,88.95833333333333,18.5,38,9.4,0.0
2025-01-07,22.954166666666666,21.925,958.9166666666666,31.35,15.595833333333331,73.95833333333333,0.09375,1.7083333333333333,1.125,75.04166666666667,54.958333333333336,0,7,1,1,-31.45833333333333,106.5,117.54166666666669,108.16666666666669,18.8,24,11.8,0.0
2025-01-08,28.0875,27.829166666666666,1175.4166666666667,37.4375,30.141666666666666,75.5,0.10125,0.25,1.11875,80.75,59.41666666666666,0,8,1,2,5.708333333333329,75.04166666666667,98.875,130.20833333333334,17.7,37,9.6,0.0
2025-01-09,34.52916666666667,33.829166666666666,1418.375,44.02916666666667,24.17083333333333,70.0,0.155,0.9166666666666666,1.0979166666666669,88.95833333333333,63.75,0,9,1,3,8.208333333333329,80.75,123.375,122.16666666666669,18.6,51,7.7,0.0
2025-01-10,46.35833333333333,45.6875,1071.2083333333333,53.05833333333334,24.416666666666668,63.625,0.5404166666666667,1.125,0.8020833333333334,108.16666666666669,71.0,0,10,1,4,19.208333333333357,88.95833333333333,150.83333333333334,133.54166666666666,19.9,39,13.6,0.0
2025-01-11,45.47083333333333,45.12916666666666,1102.5,41.833333333333336,28.9,74.83333333333333,0.3333333333333333,0.5,0.9416666666666668,130.20833333333334,78.08333333333333,0,11,1,5,22.041666666666657,108.16666666666669,156.33333333333334,142.33333333333334,20.0,43,10.6,0.0
2025-01-12,41.75416666666667,41.62083333333333,1100.9583333333333,35.40833333333333,22.98333333333333,87.375,0.2291666666666666,0.1666666666666666,1.0291666666666666,122.16666666666669,74.91666666666667,0,12,1,6,-8.041666666666657,130.20833333333334,104.70833333333331,148.125,19.9,35,13.6,0.0
2025-01-13,53.9375,53.12083333333334,893.7083333333334,13.7,16.433333333333334,104.375,0.30375,1.625,1.0020833333333334,133.54166666666666,78.95833333333333,0,13,1,0,11.374999999999972,122.16666666666669,106.5,153.5,18.7,41,15.1,0.0
2025-01-14,57.770833333333336,55.85416666666666,951.75,30.5875,19.35833333333333,85.875,0.3958333333333333,3.25,0.93125,142.33333333333334,81.95833333333333,0,14,1,1,8.791666666666686,133.54166666666666,75.04166666666667,142.83333333333334,18.4,52,10.4,0.0
2025-01-15,61.24166666666667,55.60833333333333,1064.6666666666667,37.35833333333333,21.054166666666667,74.41666666666667,0.3816666666666666,10.0,0.9541666666666666,148.125,84.0,0,15,1,2,5.791666666666657,142.33333333333334,80.75,110.75,19.4,52,10.5,0.0
2025-01-16,78.47500000000001,69.3,1367.6666666666667,45.82916666666667,34.1375,80.95833333333333,0.37875,16.291666666666668,0.9333333333333332,153.5,89.66666666666667,0,16,1,3,5.375,148.125,88.95833333333333,121.33333333333331,18.9,54,11.1,0.0
2025-01-17,42.329166666666666,37.275,769.4583333333334,22.52916666666667,17.275000000000002,90.08333333333331,0.21125,9.541666666666666,1.075,142.83333333333334,84.75,0,17,1,4,-10.666666666666657,153.5,108.16666666666669,140.25,19.4,39,15.9,0.0
2025-01-18,45.75,43.68333333333334,782.7916666666666,19.83333333333333,17.95,102.0,0.25875,3.8333333333333335,1.0229166666666667,110.75,71.875,0,18,1,5,-32.08333333333334,142.83333333333334,130.20833333333334,142.79166666666666,19.8,35,13.8,0.0
2025-01-19,47.62916666666666,46.44583333333333,1000.9166666666666,25.979166666666668,19.4125,97.125,0.2970833333333333,2.25,0.9791666666666666,121.33333333333331,75.33333333333333,0,19,1,6,10.583333333333314,110.75,122.16666666666669,115.875,19.8,34,10.7,0.0
2025-01-20,57.62916666666666,56.425,1320.125,29.39583333333333,24.2375,98.125,0.32,2.25,0.99375,140.25,81.375,0,20,1,0,18.916666666666686,121.33333333333331,133.54166666666666,99.5,20.4,39,12.4,0.0
2025-01-21,53.025,49.11666666666667,1226.2083333333333,27.354166666666668,24.329166666666666,101.83333333333331,0.3658333333333333,7.208333333333333,0.9770833333333332,142.79166666666666,82.08333333333333,0,21,1,1,2.541666666666657,140.25,142.33333333333334,67.66666666666667,19.7,50,11.7,0.0
2025-01-22,41.12916666666667,30.96666666666667,728.875,27.65833333333333,17.6375,79.33333333333333,0.2116666666666666,17.166666666666668,1.10625,115.875,73.375,0,22,1,2,-26.916666666666657,142.79166666666666,148.125,65.625,20.6,60,13.4,0.0
2025-01-23,38.175,31.825,657.25,30.104166666666668,15.1,70.04166666666667,0.2220833333333333,12.041666666666666,1.0895833333333331,99.5,68.20833333333333,0,23,1,3,-16.375,115.875,153.5,89.0,20.6,36,12.0,0.0
2025-01-24,19.64583333333333,16.204166666666666,640.8333333333334,17.0125,11.55,89.79166666666667,0.1195833333333333,6.25,1.1625,67.66666666666667,48.708333333333336,0,24,1,4,-31.83333333333333,99.5,142.83333333333334,105.875,20.5,25,13.3,0.0
2025-01-25,26.008333333333336,22.575,1166.7083333333333,29.991666666666664,17.345833333333335,79.5,0.1195833333333333,5.75,1.21875,65.625,43.625,0,25,1,5,-2.0416666666666714,67.66666666666667,110.75,100.16666666666669,20.4,28,11.3,0.0
2025-01-26,39.075,34.09583333333333,967.8333333333334,46.458333333333336,27.60833333333333,61.0,0.1308333333333333,9.666666666666666,1.2208333333333334,89.0,63.458333333333336,0,26,1,6,23.375,65.625,121.33333333333331,77.375,19.6,40,12.2,0.0
2025-01-27,44.62083333333334,38.50833333333333,970.5833333333334,46.9625,28.03333333333333,53.833333333333336,0.1204166666666666,10.625,1.2770833333333331,105.875,70.25,0,27,1,0,16.875,89.0,140.25,81.25,19.8,63,11.8,0.0
2025-01-28,33.583333333333336,31.016666666666666,803.0,42.391666666666666,25.516666666666666,53.25,0.11,3.2916666666666665,1.3395833333333331,100.16666666666669,68.25,0,28,1,1,-5.708333333333314,105.875,142.79166666666666,100.95833333333331,19.8,75,11.4,0.0
2025-01-29,40.12083333333333,22.116666666666664,543.3333333333334,24.34166666666667,12.879166666666668,68.875,0.1445833333333333,28.125,1.35,77.375,56.333333333333336,0,29,1,2,-22.791666666666686,100.16666666666669,115.875,105.25,21.4,80,12.7,0.0
2025-01-30,74.84166666666667,33.325,591.0833333333334,22.166666666666668,14.408333333333331,78.45833333333333,0.2504166666666667,74.25,1.21875,81.25,61.04166666666666,0,30,1,3,3.875,77.375,99.5,97.375,21.4,52,13.1,0.0
2025-01-31,91.175,34.170833333333334,429.1666666666667,18.3875,14.916666666666666,75.16666666666667,0.1716666666666666,103.875,1.2395833333333333,100.95833333333331,75.08333333333333,0,31,1,4,19.708333333333314,81.25,67.66666666666667,82.375,19.4,29,13.8,0.0
2025-02-01,102.58333333333331,43.708333333333336,666.75,35.99583333333333,17.708333333333332,65.5,0.2166666666666666,105.79166666666669,1.1583333333333334,105.25,81.5,0,1,2,5,4.291666666666686,100.95833333333331,65.625,77.54166666666667,18.8,44,11.4,0.0
2025-02-02,30.9625,24.616666666666664,678.0416666666666,25.1,13.041666666666666,80.45833333333333,0.285,12.458333333333334,1.1958333333333333,97.375,67.875,0,2,2,6,-7.875,105.25,89.0,65.125,20.8,27,13.4,0.0
2025-02-03,35.42916666666667,27.35,648.4166666666666,15.295833333333334,17.904166666666665,105.25,0.3041666666666666,14.583333333333334,1.18125,82.375,59.875,0,3,2,0,-15.0,97.375,105.875,81.54166666666667,20.7,33,15.7,0.0
2025-02-04,34.520833333333336,18.3125,481.5833333333333,16.379166666666666,11.025,93.375,0.1525,27.375,1.2020833333333332,77.54166666666667,55.75,0,4,2,1,-4.833333333333329,82.375,100.16666666666669,63.458333333333336,20.8,50,14.5,0.0
2025-02-05,37.583333333333336,22.370833333333334,731.8333333333334,29.34583333333333,16.95,73.125,0.1279166666666666,27.20833333333333,1.2645833333333334,65.125,42.875,0,5,2,2,-12.416666666666671,77.54166666666667,77.375,74.45833333333333,20.1,43,13.4,0.0
2025-02-06,31.71666666666667,24.441666666666663,746.4583333333334,34.00416666666667,14.679166666666667,64.25,0.125,13.416666666666666,1.2416666666666667,81.54166666666667,60.708333333333336,0,6,2,3,16.41666666666667,65.125,81.25,99.04166666666669,21.1,29,12.7,0.0
2025-02-07,25.275,18.008333333333333,563.375,21.116666666666667,12.0375,83.58333333333333,0.1504166666666666,13.166666666666666,1.2791666666666666,63.458333333333336,44.0,0,7,2,4,-18.083333333333336,81.54166666666667,100.95833333333331,92.875,22.8,18,13.8,0.0
2025-02-08,37.5375,29.7125,801.9583333333334,27.27916666666667,18.379166666666663,86.41666666666667,0.1875,14.708333333333334,1.2625,74.45833333333333,51.583333333333336,0,8,2,5,10.999999999999993,63.458333333333336,105.25,76.70833333333333,21.9,27,10.1,0.0
2025-02-09,38.23333333333333,35.71666666666667,864.3333333333334,35.0,24.08333333333333,80.375,0.2108333333333333,4.5,1.3083333333333331,99.04166666666669,67.45833333333333,0,9,2,6,24.583333333333357,74.45833333333333,97.375,113.29166666666669,21.1,39,11.3,0.0
2025-02-10,28.829166666666666,26.229166666666668,551.5416666666666,23.85833333333333,16.095833333333335,87.08333333333333,0.2341666666666666,1.875,1.3229166666666667,92.875,65.70833333333333,0,10,2,0,-6.166666666666686,99.04166666666669,82.375,146.29166666666666,21.5,71,13.4,0.0
2025-02-11,79.67916666666666,29.516666666666666,447.9166666666667,18.0375,12.541666666666666,79.125,0.2820833333333333,91.41666666666669,1.3145833333333334,76.70833333333333,58.54166666666666,0,11,2,1,-16.16666666666667,92.875,77.54166666666667,105.0,23.0,76,12.7,0.0
2025-02-12,114.40416666666664,50.79583333333333,853.2083333333334,34.93333333333333,22.65833333333333,70.875,0.33125,114.45833333333331,1.2854166666666669,113.29166666666669,81.66666666666667,0,12,2,2,36.58333333333336,76.70833333333333,65.125,81.58333333333333,23.3,59,10.7,0.0
2025-02-13,85.99583333333334,49.95416666666667,989.7083333333334,42.07083333333333,29.35833333333333,68.66666666666667,0.29625,67.16666666666667,1.3479166666666669,146.29166666666666,84.125,0,13,2,3,32.99999999999997,113.29166666666669,81.54166666666667,83.91666666666667,23.2,48,11.1,0.0
2025-02-14,57.6,27.4625,428.8333333333333,22.55,12.7,72.875,0.2016666666666666,52.458333333333336,1.4416666666666669,105.0,70.70833333333333,0,14,2,4,-41.29166666666666,146.29166666666666,63.458333333333336,79.33333333333333,24.0,65,14.7,0.0
2025-02-15,67.01666666666667,29.4125,359.7083333333333,16.983333333333334,11.008333333333333,81.625,0.1983333333333333,67.58333333333333,1.4562499999999998,81.58333333333333,63.333333333333336,0,15,2,5,-23.41666666666667,105.0,74.45833333333333,86.91666666666667,24.7,67,16.2,0.0
2025-02-16,57.375,24.620833333333334,424.6666666666667,17.275000000000002,10.566666666666666,78.70833333333333,0.2645833333333333,58.75,1.4583333333333333,83.91666666666667,65.33333333333333,0,16,2,6,2.333333333333343,81.58333333333333,99.04166666666669,63.04166666666666,24.8,68,14.1,0.0
2025-02-17,50.85,27.39583333333333,774.4583333333334,28.320833333333336,17.370833333333334,83.375,0.36,43.04166666666666,1.3291666666666666,79.33333333333333,61.25,0,17,2,0,-4.583333333333343,83.91666666666667,92.875,76.91666666666667,25.2,60,13.2,0.0
2025-02-18,50.9375,22.308333333333334,603.6666666666666,24.245833333333334,12.5,67.125,0.30875,50.54166666666666,1.51875,86.91666666666667,64.75,0,18,2,1,7.583333333333343,79.33333333333333,76.70833333333333,115.83333333333331,25.3,61,13.5,0.0
2025-02-19,49.00416666666666,18.70833333333333,343.0,13.425,9.220833333333331,79.33333333333333,0.3258333333333333,54.41666666666666,1.539583333333333,63.04166666666666,45.75,0,19,2,2,-23.875000000000014,86.91666666666667,113.29166666666669,128.66666666666666,25.5,61,20.7,0.0
2025-02-20,120.5375,35.96666666666667,641.4166666666666,24.379166666666663,16.916666666666668,83.0,0.40875,159.54166666666666,1.4479166666666667,76.91666666666667,70.16666666666667,0,20,2,3,13.875000000000014,63.04166666666666,146.29166666666666,99.33333333333331,25.9,47,14.4,0.0
2025-02-21,128.275,48.15,1043.125,35.71666666666667,24.166666666666668,56.75,0.4179166666666666,145.66666666666666,0.7354166666666666,115.83333333333331,93.16666666666669,0,21,2,4,38.91666666666664,76.91666666666667,105.0,73.66666666666667,24.7,47,8.4,0.0
2025-02-22,55.10833333333333,36.55416666666667,883.4583333333334,35.125,26.195833333333336,84.58333333333333,0.2495833333333333,33.625,1.7083333333333333,128.66666666666666,80.91666666666667,0,22,2,5,12.833333333333343,115.83333333333331,81.58333333333333,84.25,23.7,44,11.7,0.0
2025-02-23,42.69166666666666,30.3,655.4583333333334,31.15833333333333,20.816666666666663,77.375,0.2570833333333333,20.75,1.6416666666666666,99.33333333333331,68.04166666666667,0,23,2,6,-29.333333333333343,128.66666666666666,83.91666666666667,86.79166666666667,23.0,75,12.6,0.0
2025-02-24,47.97916666666666,22.808333333333334,627.9166666666666,34.075,24.27916666666667,58.125,0.34625,45.41666666666666,1.3333333333333333,73.66666666666667,54.29166666666666,0,24,2,0,-25.666666666666643,99.33333333333331,79.33333333333333,63.29166666666666,23.3,80,12.1,0.0
2025-02-25,79.82916666666667,34.00833333333333,881.5833333333334,47.02916666666667,33.329166666666666,40.333333333333336,0.3341666666666666,83.5,1.2604166666666667,84.25,66.16666666666667,0,25,2,1,10.583333333333329,73.66666666666667,86.91666666666667,71.75,24.2,66,8.0,0.0
2025-02-26,51.52916666666667,21.83333333333333,555.75,37.77916666666667,21.525,41.29166666666666,0.285,53.458333333333336,1.4291666666666665,86.79166666666667,67.54166666666667,0,26,2,2,2.5416666666666714,84.25,63.04166666666666,87.04166666666667,24.2,70,10.4,0.0
2025-02-27,28.075,16.570833333333333,365.6666666666667,23.65833333333333,14.870833333333332,52.958333333333336,0.2995833333333333,17.083333333333332,1.3666666666666665,63.29166666666666,42.5,0,27,2,3,-23.500000000000014,86.79166666666667,76.91666666666667,92.95833333333331,23.5,80,12.9,0.0
2025-02-28,59.40833333333333,28.02083333333333,299.5416666666667,12.95,10.55,89.79166666666667,0.495,52.66666666666666,1.3416666666666668,71.75,50.125,0,28,2,4,8.458333333333343,63.29166666666666,115.83333333333331,76.375,24.3,74,20.0,0.0
2025-03-01,56.57916666666667,29.229166666666668,427.3333333333333,17.608333333333334,14.025,97.83333333333331,0.3241666666666666,44.79166666666666,1.50625,87.04166666666667,63.458333333333336,0,1,3,5,15.291666666666671,71.75,128.66666666666666,104.66666666666669,24.0,71,16.8,0.0
2025-03-02,43.05,27.391666666666666,608.1666666666666,22.079166666666666,16.720833333333335,92.25,0.405,25.291666666666668,1.3375,92.95833333333331,64.04166666666667,0,2,3,6,5.916666666666643,87.04166666666667,99.33333333333331,87.08333333333333,22.7,69,15.0,0.0
2025-03-03,74.97500000000001,27.916666666666668,363.625,14.929166666666667,11.620833333333332,86.04166666666667,0.4425,83.625,1.4416666666666669,76.375,59.208333333333336,0,3,3,0,-16.583333333333314,92.95833333333331,73.66666666666667,71.45833333333333,24.2,72,17.8,0.0
2025-03-04,102.9625,36.35833333333333,582.5416666666666,25.941666666666663,14.058333333333332,79.125,0.2445833333333333,118.875,1.6479166666666665,104.66666666666669,82.54166666666667,0,4,3,1,28.291666666666686,76.375,84.25,73.375,24.2,31,12.2,0.0
2025-03-05,36.375,21.120833333333334,600.0416666666666,23.4875,15.2375,90.5,0.1229166666666666,27.166666666666668,1.8395833333333331,87.08333333333333,65.41666666666667,0,5,3,2,-17.583333333333357,104.66666666666669,86.79166666666667,76.33333333333333,23.1,23,11.8,0.0
2025-03-06,33.46666666666667,20.3625,547.4583333333334,25.054166666666664,17.1375,88.04166666666667,0.1858333333333333,22.08333333333333,1.8729166666666668,71.45833333333333,48.458333333333336,0,6,3,3,-15.625,87.08333333333333,63.29166666666666,84.54166666666667,24.8,57,13.9,0.0
2025-03-07,46.30416666666667,22.666666666666668,753.875,25.475,16.229166666666668,88.70833333333333,0.1883333333333333,43.54166666666666,1.9770833333333333,73.375,47.79166666666666,0,7,3,4,1.9166666666666714,71.45833333333333,71.75,82.29166666666667,26.1,55,11.9,0.0
2025-03-08,69.52083333333333,22.820833333333336,524.5,20.354166666666668,12.154166666666669,74.25,0.2608333333333333,91.875,1.96875,76.33333333333333,63.958333333333336,0,8,3,5,2.9583333333333286,73.375,87.04166666666667,77.66666666666667,28.0,42,16.5,0.0
2025-03-09,59.275,27.7375,619.2916666666666,28.6625,18.370833333333334,84.79166666666667,0.2129166666666666,57.0,1.825,84.54166666666667,65.79166666666667,0,9,3,6,8.208333333333343,76.33333333333333,92.95833333333331,68.29166666666667,28.7,42,13.7,0.0
2025-03-10,45.24583333333334,25.429166666666664,697.9583333333334,34.2,17.775000000000002,60.41666666666666,0.1429166666666666,34.958333333333336,2.0770833333333334,82.29166666666667,62.54166666666666,0,10,3,0,-2.25,84.54166666666667,76.375,58.458333333333336,28.5,43,12.0,0.0
2025-03-11,32.1,22.558333333333334,680.5,36.829166666666666,17.516666666666666,60.625,0.10375,15.833333333333334,2.0375,77.66666666666667,59.41666666666666,0,11,3,1,-4.625,82.29166666666667,104.66666666666669,64.08333333333333,27.5,48,11.8,0.0
2025-03-12,26.891666666666666,18.25,524.0416666666666,25.204166666666666,13.645833333333334,63.29166666666666,0.1270833333333333,13.083333333333334,2.0541666666666667,68.29166666666667,44.75,0,12,3,2,-9.375,77.66666666666667,87.08333333333333,93.08333333333331,26.9,62,14.3,0.0
2025-03-13,30.5375,15.5875,412.25,16.537499999999998,10.516666666666667,81.95833333333333,0.22875,25.58333333333333,1.9979166666666668,58.458333333333336,38.25,0,13,3,3,-9.833333333333336,68.29166666666667,71.45833333333333,88.04166666666667,27.8,63,15.2,0.0
2025-03-14,66.83749999999999,24.5625,344.6666666666667,12.870833333333332,10.2,89.33333333333333,0.3491666666666667,77.58333333333333,1.7395833333333333,64.08333333333333,47.708333333333336,0,14,3,4,5.624999999999993,58.458333333333336,73.375,89.75,27.5,61,17.0,0.0
2025-03-15,66.58749999999999,28.854166666666668,450.9583333333333,16.570833333333333,14.783333333333331,103.66666666666669,0.2458333333333333,68.95833333333333,1.875,93.08333333333331,70.25,0,15,3,5,28.999999999999986,64.08333333333333,76.33333333333333,72.54166666666667,27.0,49,15.4,0.0
2025-03-16,64.0,26.39583333333333,509.25,20.941666666666663,14.9875,99.125,0.235,64.04166666666667,1.9604166666666665,88.04166666666667,65.41666666666667,0,16,3,6,-5.041666666666643,93.08333333333331,84.54166666666667,56.5,26.8,43,16.9,0.0
2025-03-17,58.99166666666667,29.10833333333333,574.875,35.00833333333333,19.070833333333333,70.95833333333333,0.225,52.66666666666666,1.9229166666666664,89.75,65.41666666666667,0,17,3,0,1.7083333333333286,88.04166666666667,82.29166666666667,63.875,26.4,44,14.1,0.0
2025-03-18,37.2,16.533333333333335,644.0833333333334,21.308333333333334,13.770833333333334,82.45833333333333,0.1533333333333333,35.291666666666664,2.120833333333333,72.54166666666667,56.29166666666666,0,18,3,1,-17.20833333333333,89.75,77.66666666666667,68.16666666666667,25.4,62,14.2,0.0
2025-03-19,26.8,14.370833333333332,442.25,17.658333333333335,11.604166666666666,81.66666666666667,0.1479166666666666,19.541666666666668,2.114583333333333,56.5,38.04166666666666,0,19,3,2,-16.04166666666667,72.54166666666667,68.29166666666667,67.70833333333333,25.7,65,14.6,0.0
2025-03-20,28.85,15.920833333333334,445.0,17.7,13.733333333333334,85.79166666666667,0.1995833333333333,21.041666666666668,1.9395833333333328,63.875,40.333333333333336,0,20,3,3,7.375,56.5,58.458333333333336,66.75,26.2,70,18.9,0.0
2025-03-21,34.7875,18.316666666666663,540.0,18.6125,13.954166666666666,91.33333333333331,0.2066666666666666,28.75,2.1645833333333333,68.16666666666667,43.29166666666666,0,21,3,4,4.291666666666671,63.875,64.08333333333333,54.25,26.8,64,17.8,0.0
2025-03-22,42.42916666666667,20.875,501.2916666666667,19.816666666666663,12.958333333333334,90.20833333333331,0.1783333333333333,37.083333333333336,2.183333333333333,67.70833333333333,46.16666666666666,0,22,3,5,-0.4583333333333428,68.16666666666667,93.08333333333331,49.29166666666666,26.7,64,15.1,0.0
2025-03-23,18.6,13.85,468.5416666666667,22.54583333333333,13.870833333333332,84.79166666666667,0.0916666666666666,6.541666666666667,2.36875,66.75,43.16666666666666,0,23,3,6,-0.9583333333333286,67.70833333333333,88.04166666666667,71.45833333333333,27.8,53,15.0,0.0
2025-03-24,12.154166666666669,9.916666666666666,394.7083333333333,19.766666666666666,12.0625,84.45833333333333,0.1141666666666666,2.75,2.23125,54.25,36.708333333333336,0,24,3,0,-12.5,66.75,89.75,73.29166666666667,27.6,46,15.9,0.0
2025-03-25,19.575,13.979166666666666,329.4583333333333,17.2625,12.970833333333331,82.375,0.1520833333333333,5.083333333333333,2.2104166666666667,49.29166666666666,35.916666666666664,0,25,3,1,-4.958333333333343,54.25,72.54166666666667,96.33333333333331,25.7,72,16.1,0.0
2025-03-26,28.179166666666664,15.883333333333333,349.8333333333333,14.945833333333333,11.604166666666666,105.04166666666669,0.2691666666666666,18.08333333333333,2.1708333333333334,71.45833333333333,44.625,0,26,3,2,22.16666666666667,49.29166666666666,56.5,98.5,26.0,70,17.2,0.0
2025-03-27,82.35833333333333,27.17083333333333,414.9583333333333,14.679166666666667,11.095833333333331,110.91666666666669,0.24875,94.29166666666669,2.23125,73.29166666666667,55.91666666666666,0,27,3,3,1.8333333333333428,71.45833333333333,63.875,96.79166666666669,27.1,42,16.7,0.0
2025-03-28,93.35833333333332,27.454166666666666,549.2916666666666,22.60833333333333,16.412499999999998,108.95833333333331,0.2329166666666666,120.95833333333331,2.1979166666666665,96.33333333333331,75.625,0,28,3,4,23.041666666666643,73.29166666666667,68.16666666666667,73.70833333333333,26.2,24,15.1,0.0
2025-03-29,55.91666666666666,28.5875,776.4166666666666,34.61666666666667,15.804166666666667,88.79166666666667,0.1704166666666666,47.833333333333336,2.3583333333333334,98.5,73.20833333333333,0,29,3,5,2.1666666666666856,96.33333333333331,67.70833333333333,79.70833333333333,26.9,22,13.7,0.0
2025-03-30,38.6,21.579166666666666,530.7083333333334,23.03333333333333,18.866666666666667,117.54166666666669,0.1508333333333333,28.375,2.2958333333333334,96.79166666666669,60.29166666666666,0,30,3,6,-1.7083333333333144,98.5,66.75,91.04166666666669,26.5,40,15.4,0.0
2025-03-31,38.50833333333333,19.0,627.3333333333334,22.58333333333333,15.954166666666667,93.54166666666669,0.1345833333333333,33.833333333333336,2.3833333333333333,73.70833333333333,46.66666666666666,0,31,3,0,-23.083333333333357,96.79166666666669,54.25,81.70833333333333,26.0,65,13.6,0.0
2025-04-01,62.5125,25.320833333333336,588.625,27.433333333333334,18.48333333333333,89.66666666666667,0.2241666666666666,66.0,2.183333333333333,79.70833333333333,55.04166666666666,0,1,4,1,6.0,73.70833333333333,49.29166666666666,85.875,27.2,62,13.7,0.0
2025-04-02,44.02916666666667,25.825,689.0,34.99583333333333,21.745833333333334,80.70833333333333,0.1808333333333333,30.70833333333333,2.2270833333333333,91.04166666666669,64.75,0,2,4,2,11.333333333333357,79.70833333333333,71.45833333333333,63.375,27.1,60,12.1,0.0
2025-04-03,37.3,22.54583333333333,571.5,29.1375,16.508333333333333,83.125,0.19375,22.916666666666668,2.270833333333333,81.70833333333333,58.66666666666666,0,3,4,3,-9.333333333333357,91.04166666666669,73.29166666666667,50.0,27.3,66,14.5,0.0
2025-04-04,29.0875,18.879166666666663,646.0833333333334,26.40416666666667,16.266666666666666,99.375,0.2354166666666667,16.75,2.1895833333333337,85.875,50.708333333333336,0,4,4,4,4.166666666666671,81.70833333333333,96.33333333333331,55.25,28.0,61,13.9,0.0
2025-04-05,14.7125,11.245833333333332,402.2916666666667,18.0625,11.4,90.375,0.1916666666666666,3.9583333333333335,2.2958333333333334,63.375,41.833333333333336,0,5,4,5,-22.5,85.875,98.5,65.20833333333333,28.5,61,15.3,0.0
2025-04-06,28.695833333333336,12.245833333333332,348.625,13.516666666666666,8.983333333333333,96.0,0.2041666666666667,29.375,2.310416666666667,50.0,40.16666666666666,0,6,4,6,-13.375,63.375,96.79166666666669,72.875,30.3,42,19.7,0.0
2025-04-07,21.34583333333333,13.295833333333334,390.5,14.65,9.6125,96.0,0.2279166666666666,10.458333333333334,2.2895833333333333,55.25,40.41666666666666,0,7,4,0,5.25,50.0,73.70833333333333,63.91666666666666,29.1,54,17.9,0.0
2025-04-08,37.69166666666667,22.745833333333334,450.5833333333333,20.5625,13.458333333333334,82.83333333333333,0.2216666666666666,21.08333333333333,2.38125,65.20833333333333,43.54166666666666,0,8,4,1,9.958333333333329,55.25,79.70833333333333,66.58333333333333,28.0,71,14.3,0.0
2025-04-09,41.84166666666667,21.04583333333333,449.9583333333333,21.4125,13.758333333333333,74.95833333333333,0.2341666666666666,33.458333333333336,2.3916666666666666,72.875,52.583333333333336,0,9,4,2,7.666666666666671,65.20833333333333,91.04166666666669,74.41666666666667,27.7,77,15.2,0.0
2025-04-10,35.22083333333333,17.1625,308.375,15.816666666666668,12.120833333333332,80.375,0.31625,27.83333333333333,2.2687500000000003,63.91666666666666,43.458333333333336,0,10,4,3,-8.958333333333343,72.875,81.70833333333333,61.16666666666666,27.7,77,15.4,0.0
2025-04-11,47.68333333333334,22.391666666666666,347.2083333333333,14.529166666666669,11.020833333333334,82.58333333333333,0.3545833333333333,42.04166666666666,2.1875,66.58333333333333,46.16666666666666,0,11,4,4,2.6666666666666714,63.91666666666666,85.875,57.66666666666666,28.0,77,16.1,0.0
2025-04-12,48.38333333333333,21.641666666666666,379.5416666666667,15.1125,10.75,87.83333333333333,0.2704166666666667,45.0,2.3666666666666667,74.41666666666667,60.29166666666666,0,12,4,5,7.833333333333343,66.58333333333333,63.375,61.125,29.4,66,14.5,0.0
2025-04-13,32.270833333333336,15.7625,294.4166666666667,10.575,9.8125,78.58333333333333,0.24625,25.95833333333333,2.375,61.16666666666666,41.16666666666666,0,13,4,6,-13.250000000000014,74.41666666666667,50.0,63.66666666666666,28.6,73,17.9,0.0
2025-04-14,29.429166666666664,15.954166666666666,287.1666666666667,10.45,9.195833333333333,76.16666666666667,0.2975,20.125,2.3354166666666667,57.66666666666666,34.833333333333336,0,14,4,0,-3.5,61.16666666666666,55.25,59.875,28.3,76,20.9,0.0
2025-04-15,37.0,17.745833333333334,279.7083333333333,10.483333333333333,9.954166666666667,76.95833333333333,0.3245833333333333,31.166666666666668,2.40625,61.125,37.583333333333336,0,15,4,1,3.458333333333343,57.66666666666666,65.20833333333333,59.91666666666666,28.7,77,18.1,0.0
2025-04-16,41.79166666666666,18.6625,281.8333333333333,9.9125,9.354166666666666,75.20833333333333,0.3404166666666666,39.083333333333336,2.370833333333333,63.66666666666666,42.625,0,16,4,2,2.541666666666657,61.125,72.875,82.0,29.0,72,19.1,0.0
2025-04-17,31.425,14.716666666666669,276.5416666666667,9.816666666666666,8.570833333333333,73.20833333333333,0.2825,26.75,2.489583333333333,59.875,38.125,0,17,4,3,-3.791666666666657,63.66666666666666,63.91666666666666,152.95833333333334,29.3,67,21.7,0.0
2025-04-18,37.516666666666666,17.254166666666666,269.9166666666667,9.375,9.675,92.91666666666669,0.2270833333333333,31.95833333333333,2.59375,59.91666666666666,40.958333333333336,0,18,4,4,0.04166666666665719,59.875,66.58333333333333,127.375,28.8,71,18.5,0.0
2025-04-19,209.775,52.29583333333333,314.2083333333333,9.866666666666664,10.983333333333334,105.5,0.4775,299.3333333333333,2.127083333333333,82.0,70.08333333333333,0,19,4,5,22.083333333333343,59.91666666666666,74.41666666666667,117.66666666666669,30.0,60,16.7,0.0
2025-04-20,183.675,51.3875,454.0,14.8,11.745833333333332,99.625,0.38375,254.5,2.2166666666666663,152.95833333333334,134.91666666666666,0,20,4,6,70.95833333333334,82.0,61.16666666666666,90.875,31.2,40,16.9,0.0
2025-04-21,135.11249999999998,45.1,471.9166666666667,18.116666666666667,15.545833333333334,100.91666666666669,0.3245833333333333,166.08333333333334,2.3291666666666666,127.375,102.75,0,21,4,0,-25.583333333333343,152.95833333333334,57.66666666666666,81.33333333333333,30.3,45,18.1,0.0
2025-04-22,89.41666666666667,34.65,532.8333333333334,19.945833333333333,16.170833333333334,97.08333333333331,0.2654166666666667,101.625,2.410416666666667,117.66666666666669,84.5,0,22,4,1,-9.708333333333314,127.375,61.125,71.04166666666667,29.3,59,14.0,0.0
2025-04-23,81.21249999999999,28.83333333333333,440.0416666666667,17.129166666666666,12.283333333333331,88.29166666666667,0.1925,95.79166666666669,2.6020833333333333,90.875,72.75,0,23,4,2,-26.791666666666686,117.66666666666669,63.66666666666666,80.58333333333333,28.9,66,15.4,0.0
2025-04-24,44.59583333333333,20.9,383.5833333333333,14.533333333333331,11.075,96.0,0.2345833333333333,40.208333333333336,2.5020833333333337,81.33333333333333,65.70833333333333,0,24,4,3,-9.541666666666671,90.875,59.875,85.04166666666667,29.1,69,18.3,0.0
2025-04-25,54.17083333333333,22.504166666666663,405.2083333333333,14.720833333333331,11.479166666666666,86.33333333333333,0.25625,55.04166666666666,2.4875,71.04166666666667,56.04166666666666,0,25,4,4,-10.291666666666657,81.33333333333333,59.91666666666666,79.20833333333333,28.9,76,15.4,0.0
2025-04-26,69.31666666666666,25.85,369.7083333333333,18.104166666666668,12.7,96.16666666666669,0.33,78.33333333333333,2.2979166666666666,80.58333333333333,63.833333333333336,0,26,4,5,9.541666666666657,71.04166666666667,82.0,62.958333333333336,31.1,56,18.0,0.0
2025-04-27,71.2625,28.2125,409.0416666666667,18.65833333333333,11.758333333333333,79.54166666666667,0.3004166666666666,76.45833333333333,2.520833333333333,85.04166666666667,70.29166666666667,0,27,4,6,4.458333333333343,80.58333333333333,152.95833333333334,55.125,30.4,63,17.3,0.0
2025-04-28,47.9,22.23333333333333,367.8333333333333,15.3625,10.283333333333331,83.0,0.26,44.54166666666666,2.5479166666666666,79.20833333333333,64.29166666666667,0,28,4,0,-5.833333333333343,85.04166666666667,127.375,56.16666666666666,31.0,60,18.4,0.0
2025-04-29,20.39583333333333,13.508333333333333,322.3333333333333,12.870833333333332,8.758333333333333,90.45833333333331,0.2329166666666666,8.25,2.6104166666666666,62.958333333333336,43.458333333333336,0,29,4,1,-16.249999999999993,79.20833333333333,117.66666666666669,58.708333333333336,31.6,52,20.3,0.0
2025-04-30,24.425,14.645833333333334,294.75,11.1125,8.870833333333334,82.08333333333333,0.26625,14.0,2.475,55.125,34.791666666666664,0,30,4,2,-7.833333333333336,62.958333333333336,90.875,62.083333333333336,31.0,57,20.2,0.0
2025-05-01,25.241666666666664,15.679166666666667,282.0833333333333,10.008333333333336,9.066666666666666,81.79166666666667,0.3733333333333333,12.125,2.395833333333333,56.16666666666666,34.75,0,1,5,3,1.0416666666666572,55.125,81.33333333333333,62.208333333333336,30.2,65,20.5,0.0
2025-05-02,27.354166666666668,16.495833333333334,271.1666666666667,10.395833333333334,9.570833333333333,77.54166666666667,0.5095833333333334,13.958333333333334,2.13125,58.708333333333336,35.208333333333336,0,2,5,4,2.5416666666666785,56.16666666666666,71.04166666666667,68.58333333333333,29.9,71,19.8,0.0
2025-05-03,31.308333333333334,17.333333333333332,305.0833333333333,14.925,11.845833333333331,80.95833333333333,0.51375,20.5,2.15,62.083333333333336,40.458333333333336,0,3,5,5,3.375,58.708333333333336,80.58333333333333,100.91666666666669,30.1,71,18.2,0.0
2025-05-04,30.883333333333336,18.741666666666667,351.4583333333333,14.0625,11.095833333333331,82.45833333333333,0.4770833333333333,15.5,2.2645833333333334,62.208333333333336,40.208333333333336,0,4,5,6,0.125,62.083333333333336,85.04166666666667,88.58333333333333,30.0,71,18.0,0.0
2025-05-05,69.09166666666667,25.96666666666667,525.5,17.5125,14.516666666666666,84.375,0.7433333333333333,73.04166666666667,1.4895833333333333,68.58333333333333,49.54166666666666,0,5,5,0,6.374999999999993,62.208333333333336,79.20833333333333,71.125,29.7,69,13.4,0.0
2025-05-06,93.61666666666667,36.06666666666667,492.625,25.5625,21.879166666666663,83.16666666666667,0.6204166666666667,103.625,1.8291666666666664,100.91666666666669,74.0,0,6,5,1,32.33333333333336,68.58333333333333,62.958333333333336,76.91666666666667,29.6,75,13.0,0.0
2025-05-07,53.84166666666667,21.8875,397.125,15.641666666666666,21.22083333333333,74.66666666666667,0.4695833333333333,55.083333333333336,2.2125,88.58333333333333,70.20833333333333,0,7,5,2,-12.333333333333357,100.91666666666669,55.125,85.75,29.7,76,14.9,0.0
2025-05-08,47.04583333333333,21.325,313.5416666666667,18.995833333333334,17.208333333333332,53.79166666666666,0.4504166666666667,42.333333333333336,2.3000000000000003,71.125,56.625,0,8,5,3,-17.45833333333333,88.58333333333333,56.16666666666666,88.29166666666667,29.6,76,12.1,0.0
2025-05-09,70.41250000000001,28.429166666666664,341.0,16.466666666666665,18.016666666666666,63.16666666666666,0.67625,75.83333333333333,1.945833333333333,76.91666666666667,63.375,0,9,5,4,5.791666666666671,71.125,58.708333333333336,102.625,29.8,72,13.6,0.0
2025-05-10,69.45,29.58333333333333,275.8333333333333,13.6,16.879166666666666,70.54166666666667,0.6008333333333333,71.04166666666667,2.1437500000000003,85.75,67.875,0,10,5,5,8.833333333333329,76.91666666666667,62.083333333333336,72.375,30.0,70,17.2,0.0
2025-05-11,77.57083333333334,33.90833333333333,259.2916666666667,10.458333333333334,13.245833333333332,77.08333333333333,0.52125,77.83333333333333,2.3125,88.29166666666667,68.16666666666667,0,11,5,6,2.5416666666666714,85.75,62.208333333333336,69.16666666666667,29.7,76,18.0,0.0
2025-05-12,75.21249999999999,30.666666666666668,240.25,9.25,12.079166666666666,86.66666666666667,0.4879166666666667,78.66666666666667,2.3000000000000003,102.625,73.54166666666667,0,12,5,0,14.333333333333329,88.29166666666667,68.58333333333333,73.25,29.5,76,18.5,0.1
2025-05-13,37.4375,19.64583333333333,244.75,9.6875,12.2,85.41666666666667,0.4608333333333334,27.666666666666668,2.21875,72.375,54.333333333333336,0,13,5,1,-30.25,102.625,100.91666666666669,69.0,29.5,77,17.3,0.0
2025-05-14,45.25833333333333,22.504166666666663,294.3333333333333,12.629166666666668,13.304166666666667,83.0,0.4408333333333333,36.458333333333336,2.404166666666667,69.16666666666667,47.29166666666666,0,14,5,2,-3.2083333333333286,72.375,88.58333333333333,64.66666666666667,30.5,76,15.5,0.0
2025-05-15,44.94166666666666,21.754166666666663,314.8333333333333,15.566666666666668,13.670833333333334,80.66666666666667,0.36,37.708333333333336,2.5500000000000003,73.25,53.41666666666666,0,15,5,3,4.083333333333329,69.16666666666667,71.125,63.125,30.5,76,16.2,0.0
2025-05-16,37.31666666666667,19.516666666666666,289.0,14.470833333333331,12.35,72.83333333333333,0.29625,26.70833333333333,2.64375,69.0,47.333333333333336,0,16,5,4,-4.25,73.25,76.91666666666667,60.25,30.1,79,14.9,0.0
2025-05-17,37.87083333333333,18.4125,250.20833333333331,12.541666666666666,13.095833333333331,66.04166666666667,0.2495833333333333,30.375,2.704166666666667,64.66666666666667,39.66666666666666,0,17,5,5,-4.333333333333329,69.0,85.75,68.875,30.1,75,16.2,0.0
2025-05-18,33.737500000000004,16.883333333333333,256.0833333333333,11.8125,14.391666666666666,62.083333333333336,0.2308333333333333,26.0,2.8229166666666665,63.125,38.54166666666666,0,18,5,6,-1.5416666666666714,64.66666666666667,88.29166666666667,76.95833333333333,30.2,73,15.4,0.0
2025-05-19,40.04583333333333,18.475,222.625,11.391666666666666,13.004166666666668,58.125,0.5116666666666666,35.041666666666664,2.3312500000000003,60.25,35.166666666666664,0,19,5,0,-2.875,63.125,102.625,80.45833333333333,30.0,73,16.7,0.0
2025-05-20,69.88333333333334,23.04583333333333,208.41666666666663,8.483333333333333,12.091666666666669,62.625,0.5654166666666667,83.20833333333333,2.177083333333333,68.875,55.41666666666666,0,20,5,1,8.625,60.25,72.375,68.70833333333333,30.4,71,17.2,0.0
2025-05-21,105.09583333333336,27.40833333333333,218.95833333333331,8.9125,13.270833333333334,70.20833333333333,0.4520833333333333,145.875,2.525,76.95833333333333,75.20833333333333,0,21,5,2,8.083333333333329,68.875,69.16666666666667,65.33333333333333,30.2,73,16.3,0.0
2025-05-22,83.22500000000001,22.941666666666663,221.79166666666663,10.1125,12.8875,65.29166666666667,0.3208333333333333,110.29166666666669,2.720833333333333,80.45833333333333,79.79166666666667,0,22,5,3,3.5,76.95833333333333,73.25,77.20833333333333,29.9,75,17.3,0.2
2025-05-23,54.175,18.754166666666663,211.66666666666663,10.4625,11.433333333333332,64.83333333333333,0.2454166666666666,63.875,2.920833333333333,68.70833333333333,67.20833333333333,0,23,5,4,-11.75,80.45833333333333,69.0,84.95833333333333,30.2,74,17.1,0.0
2025-05-24,57.24583333333334,21.72083333333333,209.125,8.737499999999999,11.541666666666666,67.70833333333333,0.3266666666666666,62.5,2.6666666666666665,65.33333333333333,61.41666666666666,0,24,5,5,-3.375,68.70833333333333,64.66666666666667,79.0,30.5,73,18.3,0.0
2025-05-25,68.5625,27.67083333333333,213.08333333333331,8.670833333333333,11.591666666666669,67.08333333333333,0.4308333333333333,71.83333333333333,2.5125,77.20833333333333,65.29166666666667,0,25,5,6,11.875,65.33333333333333,63.125,76.58333333333333,30.9,75,17.7,0.0
2025-05-26,62.32083333333333,28.39583333333333,222.375,10.029166666666669,12.158333333333331,67.33333333333333,0.50375,58.41666666666666,2.472916666666667,84.95833333333333,66.41666666666667,0,26,5,0,7.75,77.20833333333333,60.25,88.58333333333333,31.2,74,17.2,0.0
2025-05-27,47.43333333333334,22.8625,211.83333333333331,8.291666666666666,10.675,66.54166666666667,0.5308333333333334,40.54166666666666,2.4229166666666666,79.0,61.458333333333336,0,27,5,1,-5.958333333333329,84.95833333333333,68.875,104.5,30.8,75,19.1,0.0
2025-05-28,67.37916666666666,26.77916666666667,275.0833333333333,11.329166666666666,12.9125,75.5,0.62625,73.33333333333333,2.245833333333333,76.58333333333333,60.833333333333336,0,28,5,2,-2.4166666666666714,79.0,76.95833333333333,101.58333333333331,30.8,79,17.7,0.0
2025-05-29,126.7875,33.958333333333336,386.5,12.829166666666666,12.7625,94.66666666666669,0.6141666666666666,186.0,2.1479166666666667,88.58333333333333,74.5,0,29,5,3,12.0,76.58333333333333,80.45833333333333,98.25,32.3,66,21.6,0.0
2025-05-30,149.11666666666665,38.17916666666667,256.9166666666667,9.083333333333334,7.695833333333333,97.95833333333331,0.6241666666666666,210.29166666666663,2.2958333333333334,104.5,99.375,0,30,5,4,15.916666666666671,88.58333333333333,68.70833333333333,110.66666666666669,32.6,59,24.7,0.0
2025-05-31,136.88333333333333,35.00416666666667,234.41666666666663,7.0625,8.3375,87.79166666666667,0.60875,195.04166666666663,2.2270833333333333,101.58333333333331,94.66666666666669,0,31,5,5,-2.9166666666666856,104.5,65.33333333333333,106.45833333333331,31.3,73,21.2,0.0
2025-06-01,141.975,36.333333333333336,289.375,9.583333333333334,9.345833333333331,83.0,0.54625,201.91666666666663,2.2687500000000003,98.25,94.625,0,1,6,6,-3.3333333333333144,101.58333333333331,77.20833333333333,91.0,31.9,65,19.8,0.0
2025-06-02,188.15833333333333,43.34166666666667,253.58333333333331,8.979166666666666,10.191666666666666,82.91666666666667,0.6379166666666667,276.5,2.125,110.66666666666669,105.75,0,2,6,0,12.416666666666686,98.25,84.95833333333333,79.29166666666667,30.7,75,18.5,0.0
2025-06-03,90.02083333333333,29.6125,245.875,8.170833333333333,9.275,82.83333333333333,0.5525,109.33333333333331,2.3520833333333333,106.45833333333331,100.29166666666669,0,3,6,1,-4.208333333333371,110.66666666666669,79.0,78.04166666666667,29.8,79,18.4,0.0
2025-06-04,84.20416666666667,29.2,217.625,8.666666666666666,11.15,77.0,0.4975,97.125,2.35,91.0,75.91666666666667,0,4,6,2,-15.458333333333314,106.45833333333331,76.58333333333333,78.125,30.1,74,18.9,0.1
2025-06-05,72.89583333333333,24.416666666666668,211.5,8.991666666666667,11.854166666666666,67.16666666666667,0.4358333333333333,83.20833333333333,2.375,79.29166666666667,70.79166666666667,0,5,6,3,-11.708333333333329,91.0,88.58333333333333,72.45833333333333,30.3,70,15.4,0.0
2025-06-06,65.8125,25.3875,197.25,8.575000000000001,11.825,68.875,0.3941666666666666,68.75,2.4375,78.04166666666667,68.20833333333333,0,6,6,4,-1.25,79.29166666666667,104.5,73.45833333333333,30.4,68,17.9,0.0
2025-06-07,67.27083333333333,24.308333333333334,187.375,7.904166666666666,10.4,70.29166666666667,0.3129166666666667,75.45833333333333,2.6020833333333333,78.125,66.66666666666667,0,7,6,5,0.0833333333333286,78.04166666666667,101.58333333333331,68.83333333333333,29.9,71,20.6,0.0
2025-06-08,53.30416666666667,21.95,194.0,7.708333333333333,10.495833333333334,75.75,0.2870833333333333,53.75,2.5875,72.45833333333333,63.41666666666666,0,8,6,6,-5.666666666666671,78.125,98.25,69.875,30.0,71,20.1,0.0
2025-06-09,50.145833333333336,22.554166666666664,191.08333333333331,8.104166666666666,10.4375,71.125,0.2833333333333333,45.79166666666666,2.716666666666667,73.45833333333333,61.29166666666666,0,9,6,0,1.0,72.45833333333333,110.66666666666669,67.70833333333333,30.0,70,20.8,0.0
2025-06-10,48.1875,20.77083333333333,196.45833333333331,7.070833333333333,9.775,71.29166666666667,0.4254166666666667,46.29166666666666,2.408333333333333,68.83333333333333,55.458333333333336,0,10,6,1,-4.625,73.45833333333333,106.45833333333331,61.79166666666666,30.4,68,21.7,0.0
2025-06-11,48.083333333333336,21.5375,199.83333333333331,7.541666666666667,10.495833333333334,70.04166666666667,0.4495833333333333,44.54166666666666,2.5,69.875,58.458333333333336,0,11,6,2,1.0416666666666714,68.83333333333333,91.0,77.25,30.4,71,20.9,0.0
2025-06-12,35.604166666666664,17.558333333333334,197.125,8.095833333333333,10.933333333333332,67.625,0.42625,28.33333333333333,2.5083333333333333,67.70833333333333,46.29166666666666,0,12,6,3,-2.1666666666666714,69.875,79.29166666666667,95.29166666666669,30.3,77,20.0,0.0
2025-06-13,52.88333333333333,20.1625,242.125,10.7,12.420833333333334,71.625,0.56125,57.25,2.16875,61.79166666666666,44.91666666666666,0,13,6,4,-5.916666666666671,67.70833333333333,78.04166666666667,106.41666666666669,30.7,80,19.1,0.0
2025-06-14,105.69583333333333,31.058333333333334,308.8333333333333,13.820833333333333,14.579166666666666,77.125,0.7279166666666667,136.875,1.88125,77.25,69.91666666666667,0,14,6,5,15.458333333333343,61.79166666666666,78.125,107.04166666666669,30.4,82,15.0,0.0
2025-06-15,126.3625,34.050000000000004,339.3333333333333,15.8125,14.825,70.83333333333333,0.78375,171.875,2.0187500000000003,95.29166666666669,88.58333333333333,0,15,6,6,18.041666666666686,77.25,72.45833333333333,81.58333333333333,30.3,80,13.0,0.0
2025-06-16,117.09583333333336,40.54583333333333,339.5,27.64583333333333,27.73333333333333,74.91666666666667,0.8224999999999999,145.875,1.4604166666666665,106.41666666666669,89.08333333333333,0,16,6,0,11.125,95.29166666666669,73.45833333333333,69.625,31.9,74,15.8,2.4
2025-06-17,100.62083333333334,33.025,289.4583333333333,16.291666666666668,14.9875,70.875,0.7200000000000001,128.875,2.1020833333333333,107.04166666666669,85.83333333333333,0,17,6,1,0.625,106.41666666666669,68.83333333333333,67.25,31.9,75,16.4,0.0
2025-06-18,47.85833333333333,22.0,214.45833333333331,7.274999999999999,10.433333333333334,73.20833333333333,0.5287499999999999,42.125,2.2916666666666665,81.58333333333333,67.75,0,18,6,2,-25.458333333333357,107.04166666666669,69.875,69.375,30.6,77,22.0,0.2
2025-06-19,48.395833333333336,20.3625,197.91666666666663,6.083333333333333,8.154166666666667,65.625,0.5170833333333333,46.75,2.095833333333333,69.625,55.458333333333336,0,19,6,3,-11.958333333333329,81.58333333333333,67.70833333333333,69.83333333333333,30.3,76,26.8,0.4
2025-06-20,50.9625,21.15833333333333,224.66666666666663,7.508333333333333,8.612499999999999,63.333333333333336,0.7079166666666666,47.625,1.508333333333333,67.25,57.083333333333336,0,20,6,4,-2.375,69.625,61.79166666666666,75.66666666666667,30.0,82,23.6,3.4
2025-06-21,43.6,20.054166666666667,226.25,8.362499999999999,9.966666666666669,61.91666666666666,0.8091666666666667,37.208333333333336,1.4874999999999998,69.375,57.958333333333336,0,21,6,5,2.125,67.25,77.25,86.79166666666667,30.1,83,22.3,4.0
2025-06-22,57.23333333333333,23.133333333333336,245.125,10.458333333333334,11.758333333333333,64.91666666666667,0.82,58.41666666666666,1.5520833333333333,69.83333333333333,53.958333333333336,0,22,6,6,0.4583333333333286,69.375,95.29166666666669,91.91666666666669,29.9,81,19.2,1.1
2025-06-23,64.375,26.604166666666668,241.33333333333331,11.0125,13.1125,66.0,1.0366666666666666,63.16666666666666,1.3083333333333331,75.66666666666667,63.5,0,23,6,0,5.833333333333343,69.83333333333333,106.41666666666669,91.91666666666669,30.2,80,18.1,0.7
2025-06-24,85.29583333333333,30.3125,260.9166666666667,10.979166666666666,14.1125,68.25,0.9025,97.5,1.9666666666666668,86.79166666666667,70.5,0,24,6,1,11.125,75.66666666666667,107.04166666666669,88.25,30.3,79,17.2,0.4
2025-06-25,83.03333333333333,32.25,367.2083333333333,16.304166666666667,17.129166666666666,66.16666666666667,0.8429166666666666,87.625,2.00625,91.91666666666669,74.16666666666667,0,25,6,2,5.125000000000014,86.79166666666667,81.58333333333333,87.79166666666667,30.0,79,13.9,0.0
2025-06-26,96.225,30.058333333333334,409.625,17.104166666666668,18.091666666666665,56.25,0.945,119.0,1.3083333333333331,91.91666666666669,76.0,0,26,6,3,0.0,91.91666666666669,69.625,67.70833333333333,30.9,77,12.6,0.0
2025-06-27,71.84166666666667,34.27916666666667,502.0416666666667,26.825,20.9375,69.58333333333333,1.0216666666666667,67.5,0.9083333333333332,88.25,73.20833333333333,0,27,6,4,-3.6666666666666856,91.91666666666669,67.25,65.66666666666667,29.8,82,12.5,17.1
2025-06-28,46.74583333333334,23.02083333333333,436.8333333333333,16.845833333333335,14.379166666666668,79.58333333333333,0.6991666666666667,43.833333333333336,0.7166666666666667,87.79166666666667,63.91666666666666,0,28,6,5,-0.4583333333333286,88.25,69.375,73.70833333333333,28.0,89,16.5,36.2
2025-06-29,26.429166666666664,15.125,332.5416666666667,16.441666666666666,14.920833333333334,67.66666666666667,0.3229166666666667,19.125,2.2729166666666667,67.70833333333333,44.16666666666666,0,29,6,6,-20.083333333333343,87.79166666666667,69.83333333333333,73.08333333333333,28.9,84,17.1,1.5
2025-06-30,61.583333333333336,24.4125,257.3333333333333,12.254166666666668,11.0125,57.125,0.73875,64.125,1.7166666666666668,65.66666666666667,47.458333333333336,0,30,6,0,-2.041666666666657,67.70833333333333,75.66666666666667,78.79166666666667,29.8,82,22.1,1.1
2025-07-01,56.770833333333336,23.42083333333333,246.5,10.929166666666667,10.816666666666668,53.875,1.0133333333333334,55.66666666666666,1.4500000000000002,73.70833333333333,62.75,0,1,7,1,8.041666666666657,65.66666666666667,86.79166666666667,84.04166666666667,29.8,82,18.3,0.8
2025-07-02,68.82083333333334,23.075,250.08333333333331,11.520833333333334,11.95,53.458333333333336,0.9270833333333334,79.79166666666667,1.43125,73.08333333333333,64.33333333333333,0,2,7,2,-0.625,73.70833333333333,91.91666666666669,91.91666666666669,29.8,81,16.8,1.2
2025-07-03,84.2375,27.691666666666663,322.25,16.370833333333334,16.462500000000002,48.79166666666666,0.9029166666666668,101.625,1.125,78.79166666666667,71.04166666666667,0,3,7,3,5.708333333333343,73.08333333333333,91.91666666666669,88.66666666666667,29.9,80,13.5,0.4
2025-07-04,84.57916666666667,29.058333333333334,286.5416666666667,16.554166666666667,15.9,50.625,0.6895833333333333,96.91666666666669,1.5291666666666668,84.04166666666667,73.25,0,4,7,4,5.25,78.79166666666667,88.25,91.16666666666669,30.4,78,15.1,0.2
2025-07-05,93.98333333333332,33.27916666666667,242.29166666666663,11.195833333333333,12.741666666666667,68.16666666666667,0.7391666666666666,108.20833333333331,1.9416666666666669,91.91666666666669,76.70833333333333,0,5,7,5,7.875000000000014,84.04166666666667,87.79166666666667,95.45833333333331,30.9,76,16.6,0.5
2025-07-06,77.71249999999999,27.9875,228.54166666666663,11.658333333333331,12.558333333333332,69.58333333333333,0.74125,86.125,1.7979166666666666,88.66666666666667,74.125,0,6,7,6,-3.250000000000014,91.91666666666669,67.70833333333333,97.70833333333331,30.6,76,17.8,0.8
2025-07-07,92.66666666666669,33.829166666666666,313.7916666666667,19.4125,19.6,60.5,0.6129166666666667,105.41666666666669,1.1583333333333334,91.16666666666669,73.95833333333333,0,7,7,0,2.500000000000014,88.66666666666667,65.66666666666667,92.54166666666669,30.4,76,13.5,0.0
2025-07-08,100.04583333333332,34.800000000000004,312.8333333333333,16.554166666666667,17.958333333333332,70.5,0.6716666666666667,116.83333333333331,1.9020833333333331,95.45833333333331,77.70833333333333,0,8,7,1,4.291666666666629,91.16666666666669,73.70833333333333,91.70833333333331,30.7,74,17.0,0.2
2025-07-09,91.84583333333336,32.604166666666664,265.25,15.475,15.379166666666665,58.5,1.1754166666666668,105.20833333333331,1.1375,97.70833333333331,79.625,0,9,7,2,2.25,95.45833333333331,73.08333333333333,80.5,30.5,78,14.7,0.6
2025-07-10,99.40416666666664,32.37916666666667,270.4166666666667,16.195833333333333,14.8875,53.833333333333336,1.2983333333333331,119.45833333333331,1.0395833333333333,92.54166666666669,76.91666666666667,0,10,7,3,-5.166666666666629,97.70833333333331,78.79166666666667,76.58333333333333,30.2,77,13.5,0.5
2025-07-11,76.96666666666667,27.9875,259.0416666666667,15.391666666666666,15.208333333333334,52.5,1.1541666666666666,84.875,1.1604166666666669,91.70833333333331,76.70833333333333,0,11,7,4,-0.8333333333333712,92.54166666666669,84.04166666666667,77.45833333333333,30.4,76,16.0,0.2
2025-07-12,73.87083333333334,25.47083333333333,233.08333333333331,12.7625,12.85,55.458333333333336,1.325416666666667,85.16666666666667,0.8229166666666666,80.5,70.04166666666667,0,12,7,5,-11.208333333333314,91.70833333333331,91.91666666666669,81.79166666666667,30.1,74,16.1,0.1
2025-07-13,79.7625,24.620833333333334,223.625,9.770833333333334,11.295833333333334,60.5,1.13125,97.20833333333331,1.2145833333333331,76.58333333333333,69.625,0,13,7,6,-3.9166666666666714,80.5,88.66666666666667,86.45833333333333,29.9,75,17.7,0.6
2025-07-14,85.36666666666667,25.2125,220.0,9.0375,11.220833333333331,64.66666666666667,0.9829166666666668,110.16666666666669,1.5375,77.45833333333333,73.375,0,14,7,0,0.875,76.58333333333333,91.16666666666669,85.75,29.9,78,18.2,0.7
2025-07-15,82.0625,29.2875,234.16666666666663,11.591666666666669,13.304166666666667,59.91666666666666,1.0225000000000002,92.33333333333331,1.4104166666666669,81.79166666666667,73.875,0,15,7,1,4.333333333333343,77.45833333333333,95.45833333333331,80.79166666666667,29.9,74,15.8,0.0
2025-07-16,74.47083333333333,27.85833333333333,242.875,11.620833333333332,12.483333333333334,56.375,0.995,78.75,1.45,86.45833333333333,71.75,0,16,7,2,4.666666666666657,81.79166666666667,97.70833333333331,78.41666666666667,29.8,73,16.6,0.1
2025-07-17,76.37916666666666,28.15833333333333,254.875,11.320833333333333,13.8375,54.91666666666666,1.0433333333333332,84.66666666666667,1.19375,85.75,70.625,0,17,7,3,-0.7083333333333286,86.45833333333333,92.54166666666669,77.91666666666667,29.7,76,16.5,1.1
2025-07-18,68.875,26.008333333333336,248.54166666666663,10.5625,14.491666666666667,56.125,0.71875,74.58333333333333,1.4708333333333332,80.79166666666667,68.08333333333333,0,18,7,4,-4.958333333333329,85.75,91.70833333333331,80.08333333333333,30.4,69,14.7,0.0
2025-07-19,66.14583333333333,25.041666666666668,206.91666666666663,8.566666666666666,12.645833333333334,56.833333333333336,0.8595833333333333,72.375,1.3,78.41666666666667,67.33333333333333,0,19,7,5,-2.375,80.79166666666667,80.5,86.0,30.2,73,18.3,0.5
2025-07-20,65.22500000000001,25.316666666666663,250.625,10.904166666666669,13.908333333333331,50.91666666666666,0.7720833333333333,69.08333333333333,0.7916666666666666,77.91666666666667,66.125,0,20,7,6,-0.5,78.41666666666667,76.58333333333333,79.0,29.7,76,15.4,0.0
2025-07-21,67.70833333333333,28.558333333333334,264.4166666666667,13.316666666666668,14.475,54.333333333333336,0.7845833333333333,68.125,1.20625,80.08333333333333,66.125,0,21,7,0,2.166666666666657,77.91666666666667,77.45833333333333,75.625,30.0,76,16.3,1.8
2025-07-22,66.30416666666666,27.454166666666666,232.04166666666663,10.641666666666667,11.883333333333333,56.5,0.66625,68.08333333333333,1.7291666666666667,86.0,67.20833333333333,0,22,7,1,5.916666666666671,80.08333333333333,81.79166666666667,79.0,30.2,75,17.8,0.4
2025-07-23,60.1625,23.741666666666664,221.70833333333331,8.137500000000001,8.920833333333333,57.708333333333336,0.8675,63.833333333333336,1.4020833333333331,79.0,65.75,0,23,7,2,-7.0,86.0,86.45833333333333,77.58333333333333,29.4,78,21.5,1.8
2025-07-24,63.44583333333333,25.8875,246.29166666666663,9.0875,10.7125,60.66666666666666,0.8341666666666666,66.25,1.68125,75.625,63.958333333333336,0,24,7,3,-3.375,79.0,85.75,82.41666666666667,29.7,77,16.6,1.8
2025-07-25,65.19166666666666,24.27083333333333,249.625,10.270833333333334,11.829166666666666,60.375,0.8358333333333333,70.41666666666667,1.46875,79.0,65.29166666666667,0,25,7,4,3.375,75.625,80.79166666666667,75.41666666666667,29.7,77,16.0,0.6
2025-07-26,72.40416666666667,26.391666666666666,233.20833333333331,9.4625,11.404166666666669,64.0,0.8825,80.5,1.3854166666666667,77.58333333333333,67.875,0,26,7,5,-1.4166666666666714,79.0,78.41666666666667,69.91666666666667,29.7,76,18.9,1.0
2025-07-27,67.94583333333334,26.1625,222.95833333333331,9.295833333333333,11.329166666666666,63.25,0.9308333333333332,69.75,1.3395833333333331,82.41666666666667,69.375,0,27,7,6,4.833333333333343,77.58333333333333,77.91666666666667,71.0,29.4,75,19.4,0.6
2025-07-28,68.54583333333333,22.391666666666666,218.33333333333331,7.966666666666666,9.741666666666667,61.0,0.9329166666666668,80.29166666666667,1.4520833333333334,75.41666666666667,66.54166666666667,0,28,7,0,-7.0,82.41666666666667,80.08333333333333,80.25,29.3,75,21.1,0.2
2025-07-29,53.97083333333333,20.3375,202.20833333333331,7.175,8.362499999999999,59.375,0.8183333333333334,55.458333333333336,1.5916666666666668,69.91666666666667,65.16666666666667,0,29,7,1,-5.5,75.41666666666667,86.0,77.29166666666667,29.2,76,24.2,0.3
2025-07-30,65.79166666666667,24.4875,222.75,8.391666666666667,9.8375,59.16666666666666,0.8229166666666666,70.66666666666667,1.2958333333333332,71.0,62.583333333333336,0,30,7,2,1.0833333333333286,69.91666666666667,79.0,73.25,28.9,79,21.1,1.5
2025-07-31,74.75416666666666,26.92083333333333,252.25,11.120833333333332,12.0625,56.25,1.01625,81.625,1.20625,80.25,69.375,0,31,7,3,9.25,71.0,75.625,69.375,28.8,80,15.1,1.2
2025-08-01,59.18333333333334,23.2125,244.04166666666663,11.0125,11.120833333333332,52.958333333333336,0.9475,58.75,1.3458333333333332,77.29166666666667,65.83333333333333,0,1,8,4,-2.9583333333333286,80.25,79.0,64.95833333333333,28.4,80,19.3,2.1
2025-08-02,62.00416666666666,21.64583333333333,230.83333333333331,11.820833333333333,10.675,50.66666666666666,0.9520833333333334,68.91666666666667,0.6062500000000001,73.25,64.79166666666667,0,2,8,5,-4.041666666666671,77.29166666666667,77.58333333333333,63.708333333333336,28.1,81,19.6,2.1
2025-08-03,60.43333333333334,20.679166666666667,233.45833333333331,9.7,10.933333333333332,57.5,0.7933333333333333,70.41666666666667,1.4625,69.375,64.41666666666667,0,3,8,6,-3.875,73.25,82.41666666666667,67.33333333333333,28.3,80,17.8,1.3
2025-08-04,49.76666666666667,18.120833333333334,218.04166666666663,10.079166666666667,10.35,55.333333333333336,0.6733333333333333,52.41666666666666,1.75,64.95833333333333,61.833333333333336,0,4,8,0,-4.416666666666671,69.375,75.41666666666667,70.33333333333333,28.3,79,19.5,1.5
2025-08-05,47.26666666666667,19.229166666666668,223.375,9.683333333333334,9.233333333333333,53.04166666666666,0.7220833333333334,48.04166666666666,1.33125,63.708333333333336,57.66666666666666,0,5,8,1,-1.249999999999993,64.95833333333333,69.91666666666667,68.20833333333333,28.0,80,20.9,2.0
2025-08-06,50.0625,20.9375,246.95833333333331,9.4,9.970833333333331,53.5,0.6625,46.29166666666666,1.5125,67.33333333333333,56.375,0,6,8,2,3.624999999999993,63.708333333333336,71.0,61.66666666666666,28.0,80,19.6,1.9
2025-08-07,50.68333333333334,21.566666666666663,251.0,10.825,11.083333333333334,52.708333333333336,0.6016666666666667,48.125,1.7291666666666667,70.33333333333333,60.208333333333336,0,7,8,3,3.0,67.33333333333333,80.25,63.083333333333336,28.0,80,19.0,2.2
2025-08-08,42.59166666666667,18.65,223.04166666666663,8.7125,9.754166666666666,53.66666666666666,0.5720833333333334,39.41666666666666,1.75625,68.20833333333333,54.66666666666666,0,8,8,4,-2.125,70.33333333333333,77.29166666666667,66.33333333333333,28.2,77,19.3,0.9
2025-08-09,39.275,17.291666666666668,212.125,8.820833333333333,10.091666666666669,50.25,0.59375,35.458333333333336,1.5541666666666665,61.66666666666666,40.875,0,9,8,5,-6.541666666666671,68.20833333333333,73.25,64.625,28.2,78,18.6,1.9
2025-08-10,43.3125,19.4125,214.25,8.879166666666666,10.341666666666669,50.208333333333336,0.6095833333333333,39.875,1.8208333333333333,63.083333333333336,41.375,0,10,8,6,1.4166666666666785,61.66666666666666,69.375,68.375,28.0,79,18.7,1.7
2025-08-11,46.84166666666667,19.3875,223.33333333333331,8.9125,9.2375,45.708333333333336,0.5895833333333333,45.5,1.3020833333333333,66.33333333333333,51.625,0,11,8,0,3.249999999999993,63.083333333333336,64.95833333333333,70.58333333333333,27.7,80,21.4,1.6
2025-08-12,39.62083333333333,18.741666666666667,223.95833333333331,8.512500000000001,8.941666666666666,46.375,0.6120833333333333,32.5,1.397916666666667,64.625,47.0,0,12,8,1,-1.7083333333333286,66.33333333333333,63.708333333333336,75.95833333333333,28.0,77,22.0,1.8
2025-08-13,46.5875,21.433333333333334,265.4166666666667,11.166666666666666,11.808333333333332,47.79166666666666,0.82,39.583333333333336,0.9354166666666668,68.375,45.583333333333336,0,13,8,2,3.75,64.625,67.33333333333333,83.66666666666667,28.1,81,17.6,1.2
2025-08-14,50.8375,21.78333333333333,396.2083333333333,17.958333333333332,16.391666666666666,41.16666666666666,0.6620833333333334,48.41666666666666,1.2604166666666667,70.58333333333333,57.41666666666666,0,14,8,3,2.2083333333333286,68.375,70.33333333333333,78.45833333333333,28.5,82,13.7,0.1
2025-08-15,69.17083333333333,27.40416666666667,471.875,20.954166666666666,20.9,53.25,0.5141666666666667,73.25,1.6354166666666667,75.95833333333333,63.958333333333336,0,15,8,4,5.375,70.58333333333333,68.20833333333333,80.79166666666667,29.3,77,13.4,0.3
2025-08-16,64.25833333333334,27.879166666666663,323.1666666666667,21.20833333333333,21.791666666666668,61.458333333333336,0.5179166666666667,65.29166666666667,2.285416666666667,83.66666666666667,67.33333333333333,0,16,8,5,7.708333333333343,75.95833333333333,61.66666666666666,79.79166666666667,29.5,78,14.6,0.0
2025-08-17,46.9,23.041666666666668,329.4166666666667,17.591666666666665,18.48333333333333,62.25,0.5420833333333334,40.875,2.252083333333333,78.45833333333333,61.875,0,17,8,6,-5.208333333333343,83.66666666666667,63.083333333333336,89.91666666666667,30.0,76,13.1,0.0
2025-08-18,40.16666666666666,25.504166666666663,470.4583333333333,21.620833333333334,19.5375,72.0,0.5541666666666667,24.375,1.9895833333333333,80.79166666666667,57.75,0,18,8,0,2.333333333333343,78.45833333333333,66.33333333333333,87.20833333333333,30.5,78,12.7,7.4
2025-08-19,45.56666666666666,28.008333333333336,416.625,26.825,18.354166666666668,64.29166666666667,0.705,31.45833333333333,0.9375,79.79166666666667,60.79166666666666,0,19,8,1,-1.0,80.79166666666667,64.625,80.41666666666667,28.7,86,10.6,22.3
2025-08-20,35.725,29.1125,1137.5833333333333,23.25,13.683333333333332,86.91666666666667,0.73,12.083333333333334,1.8291666666666664,89.91666666666667,63.125,0,20,8,2,10.125,79.79166666666667,68.375,73.58333333333333,28.7,87,12.2,26.8
2025-08-21,31.39583333333333,25.754166666666663,1403.3333333333333,33.170833333333334,19.0,54.125,0.6316666666666667,10.208333333333334,0.7083333333333334,87.20833333333333,63.54166666666666,0,21,8,3,-2.708333333333343,89.91666666666667,70.58333333333333,74.54166666666667,28.1,90,11.3,40.2
2025-08-22,32.24583333333333,24.766666666666666,359.25,26.225,17.6125,67.45833333333333,0.48,11.75,1.6854166666666668,80.41666666666667,60.875,0,22,8,4,-6.791666666666657,87.20833333333333,75.95833333333333,71.08333333333333,28.1,88,16.8,1.4
2025-08-23,50.76666666666667,25.2625,254.25,10.4,9.5125,57.958333333333336,0.7062499999999999,43.54166666666666,1.4333333333333331,73.58333333333333,52.208333333333336,0,23,8,5,-6.833333333333343,80.41666666666667,83.66666666666667,75.83333333333333,28.2,85,21.1,1.6
2025-08-24,55.6625,22.133333333333336,250.45833333333331,10.825,9.708333333333334,52.375,0.7054166666666667,58.208333333333336,1.43125,74.54166666666667,61.083333333333336,0,24,8,6,0.9583333333333428,73.58333333333333,78.45833333333333,83.58333333333333,28.2,87,22.6,2.1
2025-08-25,65.05416666666666,22.370833333333334,297.4583333333333,13.983333333333334,12.879166666666668,47.708333333333336,0.965,74.33333333333333,0.8562500000000001,71.08333333333333,63.833333333333336,0,25,8,0,-3.458333333333343,74.54166666666667,80.79166666666667,82.875,28.2,87,15.4,0.7
2025-08-26,85.5,26.6,334.2916666666667,16.224999999999998,13.7,44.875,0.91125,102.375,1.2604166666666667,75.83333333333333,69.125,0,26,8,1,4.75,71.08333333333333,79.79166666666667,90.79166666666669,28.1,85,13.2,0.1
2025-08-27,73.57916666666667,27.65,306.4166666666667,15.629166666666668,13.429166666666667,48.875,0.7979166666666666,81.625,1.6854166666666668,83.58333333333333,73.45833333333333,0,27,8,2,7.75,75.83333333333333,89.91666666666667,104.0,28.0,85,13.0,0.1
2025-08-28,73.41250000000001,29.275,291.5833333333333,13.825,13.404166666666669,54.0,0.7616666666666667,77.625,1.8770833333333328,82.875,68.25,0,28,8,3,-0.7083333333333286,83.58333333333333,87.20833333333333,100.375,28.0,84,14.7,0.1
2025-08-29,90.24583333333334,33.40416666666667,324.375,14.9375,13.858333333333333,55.583333333333336,0.83625,100.79166666666669,1.8083333333333331,90.79166666666669,72.5,0,29,8,4,7.916666666666686,82.875,80.41666666666667,76.91666666666667,27.8,85,15.0,0.1
2025-08-30,100.82916666666668,39.37916666666667,324.875,18.2875,16.016666666666666,54.41666666666666,0.8595833333333333,109.625,1.5770833333333334,104.0,79.16666666666667,0,30,8,5,13.208333333333314,90.79166666666669,73.58333333333333,75.70833333333333,28.3,83,13.6,0.0
2025-08-31,78.93333333333334,28.8,252.04166666666663,13.920833333333334,13.066666666666668,53.04166666666666,0.7829166666666666,88.83333333333333,1.6729166666666666,100.375,76.79166666666667,0,31,8,6,-3.625,104.0,74.54166666666667,86.25,28.3,80,18.3,0.0
2025-09-01,54.770833333333336,22.866666666666664,222.04166666666663,10.729166666666666,9.929166666666667,54.708333333333336,0.6979166666666666,53.91666666666666,1.66875,76.91666666666667,66.45833333333333,0,1,9,0,-23.45833333333333,100.375,71.08333333333333,87.625,28.1,78,19.5,0.8
2025-09-02,54.75416666666666,25.9375,253.79166666666663,12.4125,11.5625,55.083333333333336,0.7425,47.04166666666666,1.5854166666666665,75.70833333333333,61.375,0,2,9,1,-1.2083333333333428,76.91666666666667,75.83333333333333,78.66666666666667,28.1,77,15.5,0.5
2025-09-03,65.41250000000001,31.433333333333334,271.25,17.037499999999998,14.158333333333331,51.708333333333336,0.6545833333333334,56.04166666666666,1.9416666666666669,86.25,64.25,0,3,9,2,10.541666666666671,75.70833333333333,83.58333333333333,82.25,28.5,73,15.2,0.0
2025-09-04,63.97083333333333,26.90416666666667,254.70833333333331,15.195833333333333,14.516666666666666,54.79166666666666,0.6275000000000001,63.583333333333336,1.94375,87.625,66.20833333333333,0,4,9,3,1.375,86.25,82.875,77.04166666666667,28.2,77,14.8,0.0
2025-09-05,54.3625,25.9875,254.16666666666663,12.858333333333334,13.116666666666667,61.208333333333336,0.6679166666666667,48.125,1.9333333333333331,78.66666666666667,63.333333333333336,0,5,9,4,-8.958333333333329,87.625,90.79166666666669,77.41666666666667,28.7,78,16.9,0.0
2025-09-06,54.925,27.070833333333336,229.33333333333331,13.066666666666668,11.933333333333332,56.333333333333336,0.7183333333333333,47.458333333333336,1.7958333333333334,82.25,62.25,0,6,9,5,3.5833333333333286,78.66666666666667,104.0,78.125,28.6,79,17.9,0.0
2025-09-07,44.3625,23.166666666666668,231.83333333333331,12.145833333333334,11.5,55.25,0.5966666666666667,33.625,1.8125,77.04166666666667,57.04166666666666,0,7,9,6,-5.208333333333329,82.25,100.375,60.75,28.4,78,19.6,0.0
2025-09-08,50.0625,25.77916666666667,315.7916666666667,18.3375,13.170833333333334,46.458333333333336,0.5720833333333334,40.54166666666666,0.8958333333333334,77.41666666666667,58.79166666666666,0,8,9,0,0.375,77.04166666666667,76.91666666666667,67.16666666666667,27.2,85,18.9,6.6
2025-09-09,35.5125,21.20833333333333,313.8333333333333,25.48333333333333,13.004166666666668,38.458333333333336,0.3175,23.70833333333333,0.2104166666666666,78.125,58.458333333333336,0,9,9,1,0.7083333333333286,77.41666666666667,75.70833333333333,55.583333333333336,26.1,92,21.0,64.4
2025-09-10,35.375,18.320833333333333,381.7916666666667,21.604166666666668,11.858333333333333,34.875,0.3441666666666667,27.541666666666668,0.7833333333333333,60.75,34.375,0,10,9,2,-17.375,78.125,86.25,55.0,26.4,88,19.0,23.1
2025-09-11,32.97083333333333,17.204166666666666,398.5,19.620833333333334,13.129166666666668,35.583333333333336,0.4129166666666666,25.5,1.34375,67.16666666666667,41.333333333333336,0,11,9,3,6.416666666666671,60.75,87.625,52.0,26.5,88,13.4,3.8
2025-09-12,26.4125,14.370833333333332,330.4166666666667,16.412499999999998,12.270833333333334,36.16666666666666,0.34375,18.33333333333333,1.8770833333333328,55.583333333333336,29.25,0,12,9,4,-11.583333333333336,67.16666666666667,78.66666666666667,51.41666666666666,27.2,84,14.4,1.5
2025-09-13,23.47083333333333,13.704166666666666,310.2083333333333,16.316666666666666,12.85,37.79166666666666,0.3154166666666667,14.291666666666666,1.7520833333333332,55.0,28.916666666666668,0,13,9,5,-0.5833333333333357,55.583333333333336,82.25,55.458333333333336,27.5,81,13.9,0.0
2025-09-14,21.5375,12.504166666666668,248.25,12.083333333333334,10.933333333333332,41.875,0.27625,12.333333333333334,1.5979166666666669,52.0,26.041666666666668,0,14,9,6,-3.0,55.0,77.04166666666667,66.75,27.6,81,17.1,0.3
2025-09-15,25.15833333333333,13.608333333333334,236.66666666666663,9.775,9.0125,41.333333333333336,0.395,16.916666666666668,1.275,51.41666666666666,25.416666666666668,0,15,9,0,-0.5833333333333428,52.0,77.41666666666667,77.0,27.4,82,21.8,0.5
2025-09-16,36.78333333333333,16.933333333333334,264.5,11.979166666666666,9.679166666666667,39.583333333333336,0.5920833333333334,31.20833333333333,0.9395833333333332,55.458333333333336,30.08333333333333,0,16,9,1,4.0416666666666785,51.41666666666666,78.125,84.83333333333333,27.7,83,19.0,0.9
2025-09-17,60.02916666666667,22.879166666666663,353.2083333333333,16.9375,13.991666666666667,40.79166666666666,0.5666666666666667,63.583333333333336,1.0604166666666666,66.75,50.958333333333336,0,17,9,2,11.291666666666664,55.458333333333336,60.75,83.5,27.7,84,13.6,0.6
2025-09-18,77.60000000000001,27.025,344.5833333333333,19.725,14.3875,44.41666666666666,0.50125,89.79166666666667,1.6416666666666666,77.0,66.5,0,18,9,3,10.25,66.75,67.16666666666667,79.29166666666667,27.5,86,13.6,0.4
2025-09-19,90.99583333333334,28.475,316.5,19.391666666666666,13.783333333333331,40.75,0.54125,110.91666666666669,1.39375,84.83333333333333,75.08333333333333,0,19,9,4,7.833333333333329,77.0,55.583333333333336,71.91666666666667,27.3,83,14.8,0.3
2025-09-20,77.69166666666666,26.504166666666663,301.7916666666667,20.0,13.170833333333334,36.5,0.5108333333333334,94.54166666666669,1.2604166666666667,83.5,73.95833333333333,0,20,9,5,-1.3333333333333286,84.83333333333333,55.0,62.833333333333336,27.4,81,15.4,0.6
2025-09-21,70.12083333333334,24.225,262.25,17.1375,12.5625,39.91666666666666,0.49625,81.41666666666667,1.04375,79.29166666666667,70.375,0,21,9,6,-4.208333333333329,83.5,52.0,67.83333333333333,27.5,76,16.6,0.0
2025-09-22,48.9625,20.029166666666665,239.95833333333331,12.816666666666668,11.241666666666667,47.5,0.4195833333333333,49.25,1.2354166666666666,71.91666666666667,64.25,0,22,9,0,-7.375,79.29166666666667,51.41666666666666,73.70833333333333,27.7,75,16.5,0.2
2025-09-23,38.5375,18.2,231.54166666666663,12.245833333333332,10.858333333333334,47.583333333333336,0.34875,33.25,1.3125,62.833333333333336,43.54166666666666,0,23,9,1,-9.083333333333336,71.91666666666667,55.458333333333336,85.58333333333333,27.6,78,19.7,0.8
2025-09-24,50.91666666666666,21.9375,271.0833333333333,14.5125,11.3,42.625,0.4320833333333333,46.458333333333336,0.8708333333333332,67.83333333333333,49.083333333333336,0,24,9,2,4.999999999999993,62.833333333333336,66.75,79.45833333333333,27.5,80,17.7,2.0
2025-09-25,56.81666666666666,25.354166666666668,339.9166666666667,18.2375,14.258333333333333,42.66666666666666,0.51625,54.25,1.0979166666666669,73.70833333333333,61.458333333333336,0,25,9,3,5.875,67.83333333333333,77.0,71.25,27.6,82,13.5,0.5
2025-09-26,58.4875,29.854166666666668,404.625,23.866666666666664,17.533333333333335,48.16666666666666,0.45875,46.958333333333336,1.6541666666666668,85.58333333333333,64.16666666666667,0,26,9,4,11.875,73.70833333333333,84.83333333333333,88.45833333333333,27.9,77,13.3,0.0
2025-09-27,35.625,22.2875,323.8333333333333,22.166666666666668,17.2375,53.91666666666666,0.2495833333333333,21.666666666666668,2.0395833333333333,79.45833333333333,58.625,0,27,9,5,-6.125,85.58333333333333,83.5,97.20833333333331,28.3,78,13.2,0.0
2025-09-28,43.00833333333333,24.854166666666668,271.3333333333333,17.691666666666666,14.641666666666666,59.958333333333336,0.3033333333333333,31.5,1.9854166666666664,71.25,49.66666666666666,0,28,9,6,-8.208333333333329,79.45833333333333,79.29166666666667,75.0,28.9,81,15.7,0.0
2025-09-29,47.025,31.879166666666663,556.2916666666666,25.816666666666663,14.383333333333333,77.70833333333333,0.3541666666666667,27.291666666666668,1.8104166666666668,88.45833333333333,62.958333333333336,0,29,9,0,17.20833333333333,71.25,71.91666666666667,53.41666666666666,32.5,58,16.5,0.0
2025-09-30,42.391666666666666,30.1625,855.75,33.3875,14.595833333333331,66.0,0.4404166666666667,22.291666666666668,1.4604166666666665,97.20833333333331,67.375,0,30,9,1,8.749999999999986,88.45833333333333,62.833333333333336,41.66666666666666,30.5,70,12.2,5.2
2025-10-01,17.516666666666666,16.533333333333335,617.7083333333334,13.691666666666668,9.108333333333333,77.91666666666667,0.2166666666666666,1.9583333333333333,1.9854166666666668,75.0,53.958333333333336,0,1,10,2,-22.208333333333314,97.20833333333331,67.83333333333333,46.583333333333336,29.9,70,13.7,0.3
2025-10-02,15.154166666666669,11.966666666666669,573.4583333333334,11.675,8.1625,67.70833333333333,0.2029166666666666,5.0,1.8645833333333333,53.41666666666666,32.208333333333336,0,2,10,3,-21.583333333333343,75.0,73.70833333333333,55.16666666666666,30.2,66,16.1,0.3
2025-10-03,12.7375,9.3,503.0416666666667,10.9125,7.891666666666667,58.958333333333336,0.1929166666666666,5.958333333333333,1.3708333333333331,41.66666666666666,24.20833333333333,0,3,10,4,-11.75,53.41666666666666,85.58333333333333,69.04166666666667,28.8,74,18.7,2.2
2025-10-04,19.7875,13.583333333333334,505.6666666666667,16.216666666666665,10.875,45.25,0.24625,9.333333333333334,1.1729166666666666,46.583333333333336,23.375,0,4,10,5,4.9166666666666785,41.66666666666666,79.45833333333333,98.625,28.0,81,15.1,6.7
2025-10-05,21.070833333333333,14.5125,322.5416666666667,12.879166666666668,11.0,57.833333333333336,0.2816666666666667,7.375,1.68125,55.16666666666666,30.20833333333333,0,5,10,6,8.583333333333321,46.583333333333336,71.25,115.91666666666669,28.5,78,18.1,2.0
2025-10-06,119.35,33.579166666666666,276.5,9.345833333333331,8.854166666666666,78.625,0.4283333333333333,159.875,1.6958333333333335,69.04166666666667,53.16666666666666,0,6,10,0,13.875000000000014,55.16666666666666,88.45833333333333,115.5,28.9,68,21.9,0.0
2025-10-07,148.92083333333332,36.73333333333333,528.4166666666666,17.283333333333335,14.004166666666668,67.41666666666667,0.4345833333333333,209.875,1.5729166666666667,98.625,92.91666666666669,0,7,10,1,29.58333333333333,69.04166666666667,97.20833333333331,108.625,28.8,62,17.8,0.1
2025-10-08,119.3625,41.6,613.4166666666666,33.19166666666667,22.320833333333336,56.625,0.4945833333333334,139.875,1.4541666666666666,115.91666666666669,99.5,0,8,10,2,17.291666666666686,98.625,75.0,112.20833333333331,27.6,68,13.4,0.2
2025-10-09,100.59583333333336,40.53333333333333,629.625,30.0125,21.09583333333333,61.458333333333336,0.4654166666666666,108.25,1.5104166666666667,115.5,84.54166666666667,0,9,10,3,-0.4166666666666856,115.91666666666669,53.41666666666666,113.79166666666669,27.5,66,13.5,0.0
2025-10-10,81.70416666666667,38.85833333333333,582.5,27.383333333333336,19.225,68.375,0.43,77.66666666666667,1.5354166666666669,108.625,76.20833333333333,0,10,10,4,-6.875,115.5,41.66666666666666,109.08333333333331,27.4,65,12.5,0.2
2025-10-11,74.15416666666667,41.454166666666666,727.3333333333334,27.45833333333333,19.73333333333333,74.16666666666667,0.4520833333333333,57.875,1.4979166666666668,112.20833333333331,72.54166666666667,0,11,10,5,3.5833333333333144,108.625,46.583333333333336,108.45833333333331,27.2,65,10.9,0.5
2025-10-12,60.275,38.38333333333333,582.9166666666666,24.3,18.883333333333333,86.0,0.3541666666666667,39.91666666666666,1.5979166666666669,113.79166666666669,71.70833333333333,0,12,10,6,1.5833333333333712,112.20833333333331,55.16666666666666,99.04166666666669,27.9,58,11.0,0.0
2025-10-13,52.0,38.28333333333333,603.5833333333334,22.254166666666663,16.25,88.95833333333333,0.3183333333333333,24.20833333333333,1.63125,109.08333333333331,71.25,0,13,10,0,-4.708333333333371,113.79166666666669,69.04166666666667,97.54166666666669,27.6,62,13.0,0.0
2025-10-14,43.958333333333336,35.1625,526.7916666666666,22.579166666666666,16.2625,90.625,0.2595833333333333,15.208333333333334,1.6229166666666668,108.45833333333331,70.58333333333333,0,14,10,1,-0.625,109.08333333333331,98.625,103.375,27.7,62,13.6,0.0
2025-10-15,33.61666666666667,29.354166666666668,524.125,21.59166666666667,16.016666666666666,99.33333333333331,0.2066666666666666,6.958333333333333,1.6333333333333335,99.04166666666669,65.54166666666667,0,15,10,2,-9.416666666666629,108.45833333333331,115.91666666666669,103.83333333333331,28.1,54,15.7,0.0
2025-10-16,32.487500000000004,29.2,637.5,25.17083333333333,18.5375,101.625,0.2191666666666666,5.625,1.5958333333333332,97.54166666666669,64.45833333333333,0,16,10,3,-1.5,99.04166666666669,115.5,96.66666666666669,29.0,42,13.1,0.0
2025-10-17,38.97916666666666,32.479166666666664,693.5416666666666,30.995833333333334,19.995833333333334,99.45833333333331,0.1858333333333333,11.416666666666666,1.6208333333333331,103.375,66.375,0,17,10,4,5.833333333333314,97.54166666666669,108.625,86.58333333333333,29.0,39,14.1,0.0
2025-10-18,38.5125,32.4125,739.125,31.21666666666667,21.3375,101.04166666666669,0.1920833333333333,10.416666666666666,1.5791666666666666,103.83333333333331,66.54166666666667,0,18,10,5,0.4583333333333144,103.375,112.20833333333331,85.54166666666667,28.4,55,14.8,0.0
2025-10-19,35.05416666666667,27.48333333333333,621.5833333333334,26.75,19.0,92.875,0.2154166666666666,13.291666666666666,1.5645833333333332,96.66666666666669,64.70833333333333,0,19,10,6,-7.166666666666629,103.83333333333331,113.79166666666669,108.25,28.8,51,13.5,0.0
2025-10-20,30.433333333333334,24.10833333333333,595.75,28.604166666666668,18.008333333333333,89.66666666666667,0.2275,11.666666666666666,1.5229166666666665,86.58333333333333,60.875,0,20,10,0,-10.083333333333357,96.66666666666669,109.08333333333331,106.375,29.2,43,14.8,0.0
2025-10-21,40.35,33.78333333333333,886.6666666666666,37.333333333333336,19.933333333333334,77.95833333333333,0.3258333333333333,12.125,1.4020833333333331,85.54166666666667,61.79166666666666,0,21,10,1,-1.0416666666666572,86.58333333333333,108.45833333333331,111.375,29.5,39,11.2,0.0
2025-10-22,43.60833333333333,36.17083333333333,702.25,32.325,16.120833333333334,91.83333333333331,0.3383333333333333,13.875,1.5083333333333335,108.25,70.625,0,22,10,2,22.70833333333333,85.54166666666667,99.04166666666669,100.66666666666669,31.0,29,13.1,0.0
2025-10-23,49.90416666666667,38.770833333333336,902.75,43.895833333333336,18.191666666666663,82.25,0.2825,21.375,1.49375,106.375,69.33333333333333,0,23,10,3,-1.875,108.25,97.54166666666669,81.95833333333333,29.8,33,12.7,0.0
2025-10-24,41.85,36.704166666666666,1223.25,52.9625,21.52083333333333,75.66666666666667,0.2158333333333333,9.916666666666666,1.51875,111.375,70.41666666666667,0,24,10,4,5.0,106.375,103.375,78.41666666666667,29.7,32,11.4,0.0
2025-10-25,31.0,27.225,1102.4166666666667,36.4,14.6875,84.54166666666667,0.19625,7.333333333333333,1.5708333333333335,100.66666666666669,67.08333333333333,0,25,10,5,-10.708333333333314,111.375,103.83333333333331,91.54166666666669,30.2,27,11.0,0.0
2025-10-26,25.675,22.8125,571.2916666666666,19.075,11.345833333333331,100.79166666666669,0.1949999999999999,5.458333333333333,1.6104166666666666,81.95833333333333,57.04166666666666,0,26,10,6,-18.708333333333357,100.66666666666669,96.66666666666669,108.20833333333331,30.6,24,17.3,0.0
2025-10-27,28.954166666666666,24.95833333333333,506.5416666666667,13.75,10.783333333333331,105.16666666666669,0.2329166666666666,7.458333333333333,1.58125,78.41666666666667,56.375,0,27,10,0,-3.541666666666657,81.95833333333333,86.58333333333333,89.625,30.4,24,21.7,0.0
2025-10-28,41.329166666666666,34.65,500.4583333333333,11.3875,13.058333333333332,115.04166666666669,0.3479166666666666,12.5,1.3729166666666668,91.54166666666669,63.458333333333336,0,28,10,1,13.125000000000014,78.41666666666667,85.54166666666667,107.125,29.5,33,22.8,0.0
2025-10-29,39.09583333333333,35.025,469.7916666666667,12.0625,11.470833333333331,100.20833333333331,0.2616666666666666,7.458333333333333,1.5,108.20833333333331,71.0,0,29,10,2,16.66666666666663,91.54166666666669,108.25,157.91666666666666,29.0,36,22.5,0.0
2025-10-30,36.16666666666666,31.92083333333333,464.75,15.208333333333334,11.091666666666669,91.91666666666669,0.2983333333333333,7.416666666666667,1.4854166666666666,89.625,64.20833333333333,0,30,10,3,-18.583333333333314,108.20833333333331,106.375,155.58333333333334,29.5,36,20.3,0.0
2025-10-31,68.83333333333333,55.725,929.0416666666666,28.83333333333333,19.4625,89.0,0.4508333333333333,25.33333333333333,1.3020833333333333,107.125,70.58333333333333,0,31,10,4,17.5,89.625,111.375,115.625,29.5,35,12.5,0.0
2025-11-01,82.17916666666666,72.42083333333333,1176.8333333333333,50.03333333333333,24.84166666666667,68.66666666666667,0.4341666666666666,18.416666666666668,1.25625,157.91666666666666,96.375,0,1,11,5,50.79166666666666,107.125,100.66666666666669,88.125,27.8,39,10.6,0.0
2025-11-02,61.37916666666666,54.9,963.5,43.21666666666667,26.945833333333336,70.54166666666667,0.3170833333333333,11.875,1.3395833333333331,155.58333333333334,92.91666666666669,0,2,11,6,-2.3333333333333144,157.91666666666666,81.95833333333333,82.16666666666667,27.5,51,11.5,0.0
2025-11-03,56.49166666666667,33.170833333333334,710.7916666666666,23.4375,14.116666666666667,60.375,0.2258333333333333,40.04166666666666,1.352083333333333,115.625,73.33333333333333,0,3,11,0,-39.95833333333334,155.58333333333334,78.41666666666667,124.79166666666669,25.8,78,13.8,0.0
2025-11-04,45.04166666666666,28.0375,452.875,22.21666666666667,12.620833333333335,69.41666666666667,0.2325,29.625,1.34375,88.125,63.958333333333336,0,4,11,1,-27.5,115.625,91.54166666666669,132.79166666666666,28.2,45,16.5,0.0
2025-11-05,44.78333333333333,31.83333333333333,984.6666666666666,35.858333333333334,13.616666666666667,65.5,0.1845833333333333,23.08333333333333,1.4041666666666666,82.16666666666667,61.625,0,5,11,2,-5.958333333333329,88.125,108.20833333333331,114.41666666666669,27.2,24,16.0,0.0
2025-11-06,67.56666666666666,52.15,1097.2916666666667,48.85,26.75,73.125,0.2954166666666666,27.25,1.325,124.79166666666669,76.29166666666667,0,6,11,3,42.625000000000014,82.16666666666667,89.625,124.54166666666669,25.1,39,12.1,0.0
2025-11-07,61.50833333333333,43.66666666666666,796.4583333333334,34.07083333333333,19.5375,74.08333333333333,0.2941666666666667,30.58333333333333,1.2645833333333334,132.79166666666666,78.91666666666667,0,7,11,4,7.999999999999972,124.79166666666669,107.125,106.83333333333331,24.7,51,12.1,0.0
2025-11-08,55.75,42.44583333333333,936.0833333333334,30.425,17.962500000000002,73.25,0.2220833333333333,21.45833333333333,1.3333333333333333,114.41666666666669,73.125,0,8,11,5,-18.37499999999997,132.79166666666666,157.91666666666666,110.375,23.9,67,12.8,0.0
2025-11-09,70.74583333333334,43.54166666666666,1460.0416666666667,38.6875,22.979166666666668,51.333333333333336,0.21125,43.375,1.30625,124.54166666666669,76.20833333333333,0,9,11,6,10.125,114.41666666666669,155.58333333333334,101.66666666666669,23.6,69,10.3,0.0
2025-11-10,48.025,35.0125,1276.0,41.15416666666667,23.079166666666666,53.375,0.2141666666666666,19.041666666666668,1.3,106.83333333333331,70.58333333333333,0,10,11,0,-17.70833333333337,124.54166666666669,115.625,89.79166666666667,23.5,66,12.0,0.0
2025-11-11,48.5,41.225,1232.25,47.5125,30.45,55.958333333333336,0.1941666666666666,9.625,1.28125,110.375,71.58333333333333,0,11,11,1,3.5416666666666856,106.83333333333331,88.125,87.20833333333333,23.4,69,10.9,0.0
2025-11-12,37.895833333333336,31.22083333333333,819.25,39.43333333333333,25.2375,65.45833333333333,0.1804166666666666,9.75,1.2875,101.66666666666669,68.54166666666667,0,12,11,2,-8.708333333333314,110.375,82.16666666666667,86.16666666666667,23.7,70,12.4,0.0
2025-11-13,38.175,27.47083333333333,778.9166666666666,29.77916666666667,25.4,79.125,0.1729166666666667,17.791666666666668,1.30625,89.79166666666667,63.333333333333336,0,13,11,3,-11.875000000000014,101.66666666666669,124.79166666666669,90.58333333333331,24.0,67,11.2,0.0
2025-11-14,34.7625,27.64583333333333,808.125,33.6,23.9625,68.91666666666667,0.1316666666666666,12.666666666666666,1.325,87.20833333333333,62.958333333333336,0,14,11,4,-2.583333333333343,89.79166666666667,132.79166666666666,104.16666666666669,23.9,60,13.6,0.0
2025-11-15,34.15833333333333,29.575,875.0833333333334,40.05416666666667,25.225,64.83333333333333,0.135,8.0,1.2854166666666669,86.16666666666667,62.75,0,15,11,5,-1.0416666666666572,87.20833333333333,114.41666666666669,112.25,24.0,48,13.7,0.0
2025-11-16,31.495833333333334,30.929166666666664,1228.5833333333333,46.45416666666667,24.375,71.125,0.1266666666666666,0.8333333333333334,1.3208333333333333,90.58333333333331,63.79166666666666,0,16,11,6,4.416666666666643,86.16666666666667,124.54166666666669,117.91666666666669,24.5,38,9.4,0.0
2025-11-17,34.69583333333333,34.166666666666664,1008.7083333333334,48.020833333333336,33.00833333333333,79.75,0.1391666666666666,1.0416666666666667,1.2645833333333334,104.16666666666669,67.45833333333333,0,17,11,0,13.583333333333371,90.58333333333331,106.83333333333331,111.16666666666669,23.7,40,10.0,0.0
2025-11-18,44.12083333333334,41.9125,781.0,42.60416666666666,32.34583333333333,78.58333333333333,0.1883333333333333,3.0416666666666665,1.2666666666666666,112.25,70.70833333333333,0,18,11,1,8.083333333333314,104.16666666666669,110.375,105.75,23.2,58,12.9,0.0
2025-11-19,44.0875,41.47083333333333,810.9583333333334,40.725,30.620833333333334,73.75,0.2391666666666666,3.25,1.1958333333333333,117.91666666666669,73.625,0,19,11,2,5.666666666666686,112.25,101.66666666666669,130.04166666666666,23.1,63,9.8,0.0
2025-11-20,36.725,35.56666666666667,801.4166666666666,31.7625,30.129166666666663,84.16666666666667,0.24125,0.7083333333333334,1.1729166666666666,111.16666666666669,70.33333333333333,0,20,11,3,-6.75,117.91666666666669,89.79166666666667,153.75,23.1,67,10.3,0.0
2025-11-21,40.9875,40.09166666666667,956.5416666666666,41.766666666666666,33.3125,72.08333333333333,0.2358333333333333,0.9583333333333334,1.1770833333333333,105.75,68.875,0,21,11,4,-5.416666666666686,111.16666666666669,87.20833333333333,148.625,23.6,55,9.3,0.0
2025-11-22,59.1625,55.25833333333333,1009.5416666666666,43.88333333333333,30.60833333333333,80.20833333333333,0.34625,7.0,1.0458333333333334,130.04166666666666,77.70833333333333,0,22,11,5,24.291666666666657,105.75,86.16666666666667,121.16666666666669,23.5,51,11.4,0.0
2025-11-23,72.97500000000001,65.78333333333333,1134.4583333333333,48.74583333333334,33.47083333333333,68.58333333333333,0.4020833333333333,13.291666666666666,1.0604166666666666,153.75,90.125,0,23,11,6,23.708333333333343,130.04166666666666,90.58333333333331,111.83333333333331,22.9,53,9.7,0.0
2025-11-24,51.7375,48.92083333333333,1151.0833333333333,48.59583333333333,25.5875,60.66666666666666,0.28125,5.166666666666667,1.125,148.625,85.95833333333333,0,24,11,0,-5.125,153.75,104.16666666666669,98.58333333333331,22.9,44,10.3,0.0
2025-11-25,40.37916666666667,38.79166666666666,720.4583333333334,25.945833333333336,19.0625,90.625,0.3045833333333333,2.875,1.05,121.16666666666669,75.125,0,25,11,1,-27.458333333333314,148.625,112.25,97.95833333333331,22.9,32,12.2,0.0
2025-11-26,39.6125,38.55,862.375,26.620833333333334,18.625,92.25,0.33375,1.7916666666666667,1.0520833333333333,111.83333333333331,72.20833333333333,0,26,11,2,-9.333333333333371,121.16666666666669,117.91666666666669,113.16666666666669,23.3,31,11.6,0.0
2025-11-27,34.63333333333333,33.675000000000004,617.7083333333334,16.075,16.183333333333334,103.5,0.3320833333333333,1.6666666666666667,1.0541666666666667,98.58333333333331,67.79166666666667,0,27,11,3,-13.25,111.83333333333331,111.16666666666669,107.16666666666669,22.9,28,15.9,0.0
2025-11-28,38.52916666666667,37.54166666666666,704.5,16.441666666666666,20.42083333333333,111.29166666666669,0.3529166666666667,1.625,1.05,97.95833333333331,67.54166666666667,0,28,11,4,-0.625,98.58333333333331,105.75,96.83333333333331,22.5,29,13.4,0.0
2025-11-29,41.7125,40.77916666666667,797.2916666666666,19.541666666666668,23.7125,112.625,0.3183333333333333,1.5416666666666667,1.0395833333333333,113.16666666666669,72.54166666666667,0,29,11,5,15.208333333333371,97.95833333333331,130.04166666666666,91.375,22.3,32,12.0,0.0
2025-11-30,36.275,35.729166666666664,915.2916666666666,32.06666666666667,28.129166666666663,92.375,0.32625,0.9583333333333334,1.0270833333333331,107.16666666666669,70.5,0,30,11,6,-6.0,113.16666666666669,153.75,102.45833333333331,21.7,36,11.2,0.0
2025-12-01,34.975,30.058333333333334,1097.625,42.7125,23.47083333333333,54.91666666666666,0.1670833333333333,8.708333333333334,1.1458333333333333,96.83333333333331,67.20833333333333,0,1,12,0,-10.333333333333371,107.16666666666669,148.625,79.45833333333333,21.4,48,10.6,0.0
2025-12-02,49.65,40.03333333333333,1257.2083333333333,49.76666666666667,35.854166666666664,62.79166666666666,0.1854166666666666,16.0,1.10625,91.375,64.95833333333333,0,2,12,1,-5.458333333333314,96.83333333333331,121.16666666666669,75.0,20.7,43,8.6,0.0
2025-12-03,27.225,25.77083333333333,664.0,24.370833333333334,15.7875,85.66666666666667,0.1604166666666666,2.75,1.1229166666666666,102.45833333333331,68.875,0,3,12,2,11.083333333333314,91.375,111.83333333333331,71.29166666666667,21.3,27,12.3,0.0
2025-12-04,26.675,25.925,752.25,19.90833333333333,17.474999999999998,90.04166666666667,0.1670833333333333,1.4166666666666667,1.09375,79.45833333333333,60.583333333333336,0,4,12,3,-22.999999999999986,102.45833333333331,98.58333333333331,104.66666666666669,22.3,27,11.9,0.0
2025-12-05,22.229166666666668,22.04583333333333,1134.6666666666667,27.53333333333333,18.35833333333333,78.375,0.15,0.1666666666666666,1.0854166666666667,75.0,54.875,0,5,12,4,-4.458333333333329,79.45833333333333,97.95833333333331,110.625,21.7,33,9.8,0.0
2025-12-06,25.195833333333336,25.0,720.2916666666666,21.17083333333333,14.9,80.75,0.2395833333333333,0.0833333333333333,0.9125,71.29166666666667,49.958333333333336,0,6,12,5,-3.7083333333333286,75.0,113.16666666666669,81.33333333333333,22.8,28,11.9,0.0
2025-12-07,45.925,45.60833333333333,928.0833333333334,33.69583333333333,22.0125,70.75,0.2233333333333333,0.5416666666666666,0.9541666666666666,104.66666666666669,69.5,0,7,12,6,33.375000000000014,71.29166666666667,107.16666666666669,89.20833333333333,22.5,28,9.8,0.0
2025-12-08,30.2375,29.925,931.7083333333334,31.891666666666666,16.7625,71.25,0.1333333333333333,0.625,1.0416666666666667,110.625,71.625,0,8,12,0,5.958333333333314,104.66666666666669,96.83333333333331,82.54166666666667,22.6,29,10.1,0.0
2025-12-09,29.225,27.791666666666668,1244.1666666666667,34.025,23.85833333333333,74.75,0.1416666666666667,2.75,1.075,81.33333333333333,61.625,0,9,12,1,-29.29166666666667,110.625,91.375,82.29166666666667,22.7,32,10.4,0.0
2025-12-10,30.1125,29.77083333333333,1229.4166666666667,49.17916666666667,32.229166666666664,56.333333333333336,0.10625,0.0833333333333333,1.1041666666666667,89.20833333333333,64.08333333333333,0,10,12,2,7.875,81.33333333333333,102.45833333333331,75.91666666666667,21.6,43,9.8,0.0
2025-12-11,28.98333333333333,25.579166666666666,1121.5,42.10416666666666,26.47083333333333,62.375,0.0854166666666666,2.9166666666666665,1.1333333333333333,82.54166666666667,62.0,0,11,12,3,-6.666666666666657,89.20833333333333,79.45833333333333,80.54166666666667,20.7,75,10.2,0.0
2025-12-12,29.633333333333336,26.54583333333333,842.625,39.91666666666666,21.71666666666667,54.66666666666666,0.1104166666666666,2.75,1.0666666666666669,82.29166666666667,61.708333333333336,0,12,12,4,-0.25,82.54166666666667,75.0,138.83333333333334,20.3,80,11.1,0.0
2025-12-13,25.375,23.23333333333333,936.625,34.67916666666667,21.3625,60.958333333333336,0.095,0.7083333333333334,1.1125,75.91666666666667,57.0,0,13,12,5,-6.375,82.29166666666667,71.29166666666667,140.66666666666666,21.6,73,10.1,0.0
2025-12-14,40.60416666666666,37.125,1077.875,47.24166666666667,31.766666666666666,56.29166666666666,0.2004166666666667,4.583333333333333,1.0333333333333334,80.54166666666667,60.54166666666666,0,14,12,6,4.625,75.91666666666667,104.66666666666669,141.70833333333334,21.1,63,9.9,0.0
2025-12-15,61.24583333333334,57.43333333333334,924.2916666666666,28.725,20.383333333333333,85.95833333333333,0.3929166666666666,7.041666666666667,0.9354166666666668,138.83333333333334,81.91666666666667,0,15,12,0,58.29166666666667,80.54166666666667,110.625,114.25,21.6,45,11.1,0.0
2025-12-16,52.82083333333333,50.30416666666667,957.1666666666666,13.916666666666666,20.054166666666667,107.375,0.2566666666666666,4.708333333333333,1.0479166666666666,140.66666666666666,81.54166666666667,0,16,12,1,1.8333333333333144,138.83333333333334,81.33333333333333,131.16666666666666,22.1,43,14.1,0.0
2025-12-17,52.26666666666667,50.1125,1051.6666666666667,23.375,25.28333333333333,99.04166666666669,0.2625,3.875,1.0083333333333333,141.70833333333334,81.79166666666667,0,17,12,2,1.0416666666666856,140.66666666666666,89.20833333333333,149.91666666666666,22.4,40,12.8,0.0
2025-12-18,45.95416666666667,43.39166666666667,1180.125,40.0875,32.2875,82.91666666666667,0.315,4.916666666666667,0.9208333333333334,114.25,72.58333333333333,0,18,12,3,-27.458333333333343,141.70833333333334,82.54166666666667,132.83333333333334,21.6,45,9.7,0.0
2025-12-19,51.73333333333333,49.458333333333336,1752.4166666666667,47.075,30.17083333333333,81.29166666666667,0.3062499999999999,4.291666666666667,0.9916666666666668,131.16666666666666,78.375,0,19,12,4,16.916666666666657,114.25,82.29166666666667,79.25,22.6,43,7.7,0.0
2025-12-20,61.26666666666667,59.3,1492.625,54.958333333333336,34.94583333333333,72.75,0.3283333333333333,3.4166666666666665,0.9145833333333332,149.91666666666666,86.5,0,20,12,5,18.75,131.16666666666666,75.91666666666667,141.83333333333334,23.2,48,8.5,0.0
2025-12-21,44.0375,33.987500000000004,952.7083333333334,32.95,19.479166666666668,58.708333333333336,0.2233333333333333,16.666666666666668,0.9166666666666666,132.83333333333334,79.16666666666667,0,21,12,6,-17.083333333333314,149.91666666666666,80.54166666666667,108.66666666666669,22.5,72,10.8,0.0
2025-12-22,46.13333333333333,35.30416666666667,787.5,35.916666666666664,20.666666666666668,64.79166666666667,0.2816666666666667,18.75,0.9958333333333332,79.25,58.5,0,22,12,0,-53.58333333333334,132.83333333333334,138.83333333333334,121.04166666666669,22.2,50,9.7,0.0
2025-12-23,57.9875,53.18333333333334,800.9583333333334,22.46666666666667,22.9625,91.375,0.3204166666666667,8.75,0.9958333333333336,141.83333333333334,83.20833333333333,0,23,12,1,62.58333333333334,79.25,140.66666666666666,113.125,22.0,48,11.7,0.0
2025-12-24,44.75833333333333,38.00833333333333,861.875,34.44166666666667,21.7,72.08333333333333,0.165,12.625,1.0208333333333333,108.66666666666669,71.125,0,24,12,2,-33.16666666666666,141.83333333333334,141.70833333333334,122.375,20.6,47,10.5,0.0
2025-12-25,47.15833333333333,44.01666666666667,972.8333333333334,46.87916666666666,36.7375,61.91666666666666,0.2370833333333333,5.75,0.91875,121.04166666666669,75.08333333333333,0,25,12,3,12.375,108.66666666666669,114.25,121.66666666666669,19.6,57,8.9,0.0
2025-12-26,42.454166666666666,39.86666666666667,964.4583333333334,38.3375,32.71666666666667,63.708333333333336,0.2483333333333333,4.208333333333333,1.0208333333333333,113.125,72.70833333333333,0,26,12,4,-7.916666666666686,121.04166666666669,131.16666666666666,128.45833333333334,19.7,67,8.7,0.0
2025-12-27,51.54166666666666,49.38333333333333,954.75,55.15833333333333,32.5,69.41666666666667,0.3020833333333333,3.6666666666666665,0.9458333333333332,122.375,75.375,0,27,12,5,9.25,113.125,149.91666666666666,127.0,20.2,49,10.5,0.0
2025-12-28,41.775,41.16666666666666,974.7916666666666,49.1375,33.55833333333333,70.45833333333333,0.2541666666666666,0.9166666666666666,0.9645833333333336,121.66666666666669,75.375,0,28,12,6,-0.7083333333333144,122.375,132.83333333333334,95.45833333333331,20.3,42,8.6,0.0
2025-12-29,47.6,46.64166666666667,1040.875,37.49583333333333,33.362500000000004,83.45833333333333,0.4079166666666667,1.625,0.8958333333333334,128.45833333333334,77.45833333333333,0,29,12,0,6.791666666666657,121.66666666666669,79.25,89.91666666666667,20.2,48,8.5,0.0
2025-12-30,48.90416666666667,46.458333333333336,1119.875,27.979166666666668,20.529166666666665,75.75,0.5754166666666667,2.583333333333333,0.7125,127.0,77.125,0,30,12,1,-1.4583333333333428,128.45833333333334,141.83333333333334,149.25,20.4,68,12.1,0.3
2025-12-31,31.6375,20.204166666666666,627.9166666666666,26.504166666666663,15.195833333333333,65.16666666666667,0.1975,18.33333333333333,1.0020833333333334,95.45833333333331,63.79166666666666,0,31,12,2,-31.541666666666686,127.0,108.66666666666669,149.125,21.2,64,19.7,1.1
2026-01-01,64.73333333333333,50.875,951.375,41.083333333333336,23.554166666666664,62.208333333333336,0.3345833333333333,24.625,0.9666666666666668,89.91666666666667,60.29166666666666,0,1,1,3,-5.541666666666643,95.45833333333331,121.04166666666669,151.625,19.9,60,10.4,0.0
2026-01-02,78.375,56.69583333333333,1000.8333333333334,45.85416666666666,27.075,62.458333333333336,0.4579166666666667,39.958333333333336,0.94375,149.25,84.91666666666667,0,2,1,4,59.33333333333333,89.91666666666667,113.125,147.66666666666666,19.8,53,11.6,0.0
2026-01-03,67.83333333333333,53.375,1212.7916666666667,48.01666666666667,30.704166666666666,67.125,0.3708333333333333,26.041666666666668,1.0354166666666669,149.125,84.375,0,3,1,5,-0.125,149.25,122.375,137.875,18.9,58,8.2,0.0
2026-01-04,97.14583333333331,60.01666666666667,1132.5833333333333,41.80833333333333,30.441666666666663,64.29166666666667,0.2933333333333333,66.91666666666667,1.0479166666666666,151.625,87.70833333333333,0,4,1,6,2.5,149.125,121.66666666666669,115.33333333333331,18.9,72,8.9,0.0
2026-01-05,87.31666666666666,57.57916666666667,1032.9583333333333,48.15416666666667,29.891666666666666,71.625,0.35625,52.0,1.025,147.66666666666666,84.375,0,5,1,0,-3.958333333333343,151.625,128.45833333333334,100.95833333333331,19.6,67,9.4,0.0
2026-01-06,46.18333333333334,38.0875,743.8333333333334,20.4,14.166666666666666,91.33333333333331,0.2870833333333333,14.875,1.0625,137.875,80.66666666666667,0,6,1,1,-9.791666666666657,147.66666666666666,127.0,81.29166666666667,20.0,49,12.8,0.0
2026-01-07,46.30416666666667,41.40833333333333,648.1666666666666,15.154166666666669,14.575,99.58333333333331,0.27,8.958333333333334,1.075,115.33333333333331,73.375,0,7,1,2,-22.541666666666686,137.875,95.45833333333331,76.04166666666667,19.1,45,14.4,0.0
2026-01-08,31.166666666666668,30.03333333333333,687.25,16.170833333333334,13.675,97.04166666666669,0.19125,1.9583333333333333,1.0583333333333331,100.95833333333331,68.54166666666667,0,8,1,3,-14.375,115.33333333333331,89.91666666666667,99.875,18.1,38,14.4,0.0
2026-01-09,25.34583333333333,23.975,917.0,24.6875,16.358333333333334,89.29166666666667,0.1645833333333333,2.2916666666666665,1.1083333333333334,81.29166666666667,61.125,0,9,1,4,-19.666666666666643,100.95833333333331,149.25,110.58333333333331,17.8,35,11.6,0.0
2026-01-10,30.325,28.8125,940.875,27.641666666666666,20.875,89.58333333333333,0.1816666666666666,2.708333333333333,1.10625,76.04166666666667,54.66666666666666,0,10,1,5,-5.25,81.29166666666667,149.125,130.66666666666666,18.1,35,11.2,0.0
2026-01-11,37.68333333333333,35.56666666666667,784.5,20.1,15.2875,90.04166666666667,0.1979166666666666,3.7916666666666665,1.0729166666666667,99.875,68.08333333333333,0,11,1,6,23.83333333333333,76.04166666666667,151.625,131.5,17.4,37,11.8,0.0
2026-01-12,52.32916666666667,50.06666666666666,1271.4166666666667,40.40833333333334,25.5625,87.5,0.2179166666666666,3.7916666666666665,1.0375,110.58333333333331,71.66666666666667,0,12,1,0,10.708333333333314,99.875,147.66666666666666,97.58333333333331,17.0,49,10.5,0.0
2026-01-13,44.46666666666667,42.84583333333333,1513.9166666666667,46.77916666666667,26.570833333333336,70.66666666666667,0.2208333333333333,3.0,1.0875,130.66666666666666,78.20833333333333,0,13,1,1,20.083333333333343,110.58333333333331,137.875,112.70833333333331,18.3,46,9.8,0.0
2026-01-14,49.1125,42.520833333333336,1540.3333333333333,41.22083333333333,21.8875,54.91666666666666,0.22125,10.958333333333334,1.125,131.5,78.54166666666667,0,14,1,2,0.8333333333333428,130.66666666666666,115.33333333333331,91.875,19.3,61,10.8,0.0
2026-01-15,40.770833333333336,33.80416666666667,1272.9166666666667,37.29166666666666,19.0625,57.04166666666666,0.1429166666666666,7.541666666666667,1.1083333333333332,97.58333333333331,67.41666666666667,0,15,1,3,-33.916666666666686,131.5,100.95833333333331,90.95833333333331,20.6,77,12.1,0.0
2026-01-16,49.57083333333333,40.30416666666667,1285.7083333333333,45.645833333333336,22.120833333333334,48.583333333333336,0.1991666666666667,12.208333333333334,1.0125,112.70833333333331,72.58333333333333,0,16,1,4,15.125,97.58333333333331,81.29166666666667,105.75,20.9,73,11.9,0.0
2026-01-17,55.8875,29.3875,600.5833333333334,25.870833333333334,14.275,70.29166666666667,0.2704166666666667,46.583333333333336,1.03125,91.875,65.375,0,17,1,5,-20.833333333333314,112.70833333333331,76.04166666666667,102.45833333333331,22.0,70,13.0,0.0
2026-01-18,55.2625,33.37916666666667,1092.5416666666667,29.675,22.97083333333333,68.04166666666667,0.27625,37.29166666666666,1.0208333333333333,90.95833333333331,64.91666666666667,0,18,1,6,-0.9166666666666856,91.875,99.875,90.70833333333331,20.6,70,10.0,0.3
2026-01-19,86.97500000000001,41.36666666666667,1207.0,32.67916666666667,20.54583333333333,60.875,0.3483333333333333,82.08333333333333,1.0270833333333331,105.75,70.875,0,19,1,0,14.791666666666686,90.95833333333331,110.58333333333331,92.04166666666669,20.5,69,10.7,0.0
2026-01-20,61.51666666666667,33.0375,1233.625,28.820833333333336,18.516666666666666,61.875,0.2262499999999999,49.583333333333336,1.0916666666666666,102.45833333333331,69.625,0,20,1,1,-3.2916666666666856,105.75,130.66666666666666,87.0,20.0,59,10.5,0.0
2026-01-21,45.04583333333333,29.64583333333333,895.0,31.891666666666666,21.14583333333333,62.66666666666666,0.2212499999999999,25.95833333333333,1.1604166666666669,90.70833333333331,64.91666666666667,0,21,1,2,-11.75,102.45833333333331,131.5,97.83333333333331,19.6,63,8.9,0.0
2026-01-22,59.34583333333333,30.3,758.7083333333334,31.516666666666666,15.954166666666666,55.125,0.3404166666666666,50.583333333333336,0.7125,92.04166666666669,65.45833333333333,0,22,1,3,1.3333333333333712,90.70833333333331,97.58333333333331,67.45833333333333,18.8,68,23.8,14.6
2026-01-23,114.62916666666666,34.104166666666664,397.2916666666667,19.870833333333334,16.787499999999998,69.16666666666667,0.13625,142.70833333333334,1.1708333333333334,87.0,74.625,0,23,1,4,-5.041666666666686,92.04166666666669,112.70833333333331,75.41666666666667,13.6,43,17.4,0.0
2026-01-24,53.32916666666667,25.991666666666664,522.4166666666666,23.47083333333333,11.766666666666666,65.91666666666667,0.1479166666666666,48.54166666666666,1.1625,97.83333333333331,77.54166666666667,0,24,1,5,10.833333333333314,87.0,91.875,72.83333333333333,14.6,43,16.9,0.0
2026-01-25,23.504166666666663,20.320833333333333,581.4166666666666,12.154166666666669,10.9875,88.79166666666667,0.2404166666666666,5.75,1.14375,67.45833333333333,46.04166666666666,0,25,1,6,-30.374999999999986,97.83333333333331,90.95833333333331,83.16666666666667,15.7,38,17.7,0.0
2026-01-26,27.08333333333333,25.525,577.0416666666666,22.71666666666667,20.17083333333333,93.29166666666669,0.26875,2.7916666666666665,1.08125,75.41666666666667,53.625,0,26,1,0,7.958333333333343,67.45833333333333,105.75,94.20833333333331,17.1,38,15.6,0.0
2026-01-27,23.95833333333333,19.1375,745.0416666666666,23.429166666666664,25.48333333333333,83.58333333333333,0.1399999999999999,8.458333333333334,1.2541666666666669,72.83333333333333,51.208333333333336,0,27,1,1,-2.583333333333343,75.41666666666667,102.45833333333331,71.95833333333333,17.8,40,12.6,0.0
2026-01-28,38.35833333333333,34.766666666666666,1053.4583333333333,44.55833333333334,25.0625,62.91666666666666,0.1691666666666667,5.708333333333333,1.26875,83.16666666666667,59.54166666666666,0,28,1,2,10.333333333333343,72.83333333333333,90.70833333333331,97.75,18.5,48,10.5,0.0
2026-01-29,32.800000000000004,25.441666666666663,752.9583333333334,32.391666666666666,15.866666666666667,69.625,0.1654166666666666,14.291666666666666,1.2,94.20833333333331,66.29166666666667,0,29,1,3,11.041666666666643,83.16666666666667,92.04166666666669,95.20833333333331,19.0,44,11.6,0.0
2026-01-30,31.516666666666666,23.8,701.2916666666666,29.683333333333334,18.008333333333333,83.875,0.1529166666666666,15.166666666666666,1.3125,71.95833333333333,49.625,0,30,1,4,-22.249999999999986,94.20833333333331,87.0,93.04166666666669,19.5,44,12.3,0.0
2026-01-31,41.516666666666666,34.82083333333333,850.375,34.4125,24.05,83.875,0.2291666666666666,12.208333333333334,1.2291666666666667,97.75,65.625,0,31,1,5,25.79166666666667,71.95833333333333,97.83333333333331,110.58333333333331,19.5,51,12.7,0.0
2026-02-01,50.67083333333333,31.225,862.625,28.804166666666664,18.575,71.83333333333333,0.2054166666666666,34.458333333333336,1.2625,95.20833333333331,66.375,0,1,2,6,-2.5416666666666856,97.75,67.45833333333333,115.91666666666669,20.5,70,12.7,0.0
2026-02-02,53.725,37.47083333333333,807.2916666666666,37.17083333333333,16.879166666666666,61.958333333333336,0.26625,30.33333333333333,1.2104166666666667,93.04166666666669,65.91666666666667,0,2,2,0,-2.1666666666666288,95.20833333333331,75.41666666666667,86.83333333333333,22.0,51,11.5,0.0
2026-02-03,66.03333333333333,44.27916666666667,871.2916666666666,38.62916666666667,16.5125,64.29166666666667,0.2791666666666667,39.91666666666666,1.2729166666666667,110.58333333333331,71.79166666666667,0,3,2,1,17.54166666666663,93.04166666666669,72.83333333333333,112.0,22.3,43,10.5,0.0
2026-02-04,40.29583333333333,29.316666666666663,655.4583333333334,26.329166666666666,12.595833333333331,76.29166666666667,0.1808333333333333,21.08333333333333,1.3541666666666667,115.91666666666669,73.41666666666667,0,4,2,2,5.333333333333371,110.58333333333331,83.16666666666667,96.20833333333331,23.4,35,15.1,0.0
2026-02-05,45.97083333333333,39.65,831.1666666666666,30.14583333333333,19.02083333333333,85.33333333333333,0.2195833333333333,11.291666666666666,1.3541666666666667,86.83333333333333,63.29166666666666,0,5,2,3,-29.083333333333357,115.91666666666669,94.20833333333331,125.0,23.7,33,14.2,0.0
2026-02-06,36.19166666666667,32.43333333333333,818.5416666666666,37.11666666666667,23.35,83.79166666666667,0.24,7.0,1.33125,112.0,70.95833333333333,0,6,2,4,25.16666666666667,86.83333333333333,71.95833333333333,108.58333333333331,22.2,43,13.4,0.0
2026-02-07,48.88333333333333,36.3625,904.5416666666666,30.370833333333334,20.204166666666666,81.16666666666667,0.29125,22.166666666666668,1.28125,96.20833333333331,66.875,0,7,2,5,-15.791666666666686,112.0,97.75,88.70833333333333,21.9,72,12.1,0.0
2026-02-08,61.91666666666666,48.85416666666666,965.8333333333334,40.02916666666667,25.620833333333334,69.91666666666667,0.3208333333333333,23.875,1.2458333333333331,125.0,76.58333333333333,0,8,2,6,28.791666666666686,96.20833333333331,95.20833333333331,124.125,21.4,72,10.8,0.0
2026-02-09,59.99166666666667,32.270833333333336,441.3333333333333,19.3875,12.129166666666668,63.833333333333336,0.2775,46.458333333333336,1.3458333333333332,108.58333333333331,71.04166666666667,0,9,2,0,-16.416666666666686,125.0,93.04166666666669,107.625,22.1,75,16.2,0.3
2026-02-10,68.8125,33.65833333333333,545.5,21.7375,14.141666666666666,74.5,0.42625,61.625,1.0854166666666667,88.70833333333333,64.375,0,10,2,1,-19.874999999999986,108.58333333333331,110.58333333333331,126.33333333333331,22.8,75,13.5,0.5
2026-02-11,60.77916666666667,46.875,689.5,29.9125,17.474999999999998,79.08333333333333,0.3733333333333333,25.125,1.275,124.125,76.125,0,11,2,2,35.41666666666667,88.70833333333333,115.91666666666669,93.95833333333331,24.0,49,16.5,0.0
2026-02-12,48.23333333333333,39.1125,655.4583333333334,28.604166666666668,18.5375,89.20833333333333,0.2654166666666667,16.166666666666668,1.3416666666666668,107.625,70.83333333333333,0,12,2,3,-16.5,124.125,86.83333333333333,87.375,23.8,45,13.0,0.0
2026-02-13,56.47083333333333,44.21666666666667,905.9583333333334,40.29166666666666,26.05,69.95833333333333,0.28625,22.45833333333333,1.325,126.33333333333331,76.875,0,13,2,4,18.708333333333314,107.625,112.0,98.16666666666669,22.4,69,13.1,0.0
2026-02-14,32.59166666666667,25.7875,739.2916666666666,28.245833333333334,18.820833333333333,67.45833333333333,0.15625,10.041666666666666,1.48125,93.95833333333331,65.95833333333333,0,14,2,5,-32.375,126.33333333333331,96.20833333333331,85.0,22.0,78,11.7,0.0
2026-02-15,54.07083333333333,33.25833333333333,527.1666666666666,26.354166666666668,17.329166666666666,61.458333333333336,0.21125,34.125,1.4291666666666665,87.375,63.708333333333336,0,15,2,6,-6.583333333333314,93.95833333333331,125.0,91.45833333333331,22.0,85,12.0,0.0
